analysis_id,Cer d18:1/24:0,PC 32:1,PC 40:8
Longit_BLANK-01 (Eluent A),0.38272403538635197,0.15136153831714358,0.0017637515571378572
Longit_B-ISTD 01 Extr,5.2880542839963825e-5,1.0057865966552113e-4,9.347791014313359e-7
Longit_Un-ISTD 01 Unextr,5.9404738022809684e-5,6.558163800825387e-5,9.581744098191461e-9
Longit_LTR 01,54.123789919516305,0.03879472162305458,0.0014907904203141102
Longit_TQC-10%,0.00891666558535376,0.04593062397574231,0.0015105255367586347
Longit_TQC-20%,0.00975437215722799,0.047273468403743385,0.0020291326573928297
Longit_TQC-40%,0.008066463663217489,0.05668255532913479,0.002606459591773965
Longit_TQC-60%,0.010035171999407124,0.04066695374990981,0.0017933596073963992
Longit_TQC-80%,0.01046485317637534,0.04797248895686186,0.003028491624295659
Longit_TQC-100%,0.010332273899950468,0.04768660731190472,0.0026544056407164394
Longit_batch1_TQC01,0.011847876839096421,0.05739709007000736,0.003571374282399215
Longit_batch1_TQC02,0.012073092250310545,0.053262539806475016,0.0032210012942394443
Longit_batch1_PQC 01,0.016904107693009613,0.04889584587517529,0.004887171532123728
Longit_batch1_PQC 02,0.013697476992796796,0.06966525831125914,0.004500284932818459
Longit_batch1_1,0.006760497200951139,0.04394179281223989,0.001982851678937653
Longit_batch1_2,0.010554852876576044,0.044336659244065296,0.0026022173124813737
Longit_batch1_3,0.009669083487446202,0.04983160004478862,0.00363917648553558
Longit_batch1_4,0.009555805658085238,0.04725085541023716,0.004420998338131625
Longit_batch1_5,0.012973887678517915,0.04690781428051263,0.00544408301209952
Longit_batch1_TQC03,0.009975572486873176,0.059990727112303174,0.002745149910063509
Longit_batch1_6,0.011463880648773222,0.06972482080401515,0.0060816609232082815
Longit_batch1_7,0.013701751353805544,0.047857584280224366,0.0022003249179221563
Longit_batch1_8,0.012474678986644361,0.057487215842310695,0.004406183730631386
Longit_batch1_9,0.012581110249643479,0.04632238353120988,0.002718090240148764
Longit_batch1_10,0.009786527643321231,0.04144939480829068,0.002914799688233771
Longit_batch1_PQC 03,0.012894658762393157,0.05882668683337233,0.004568369399413882
Longit_batch1_11,0.007613735222445327,0.04203643655707323,0.002995560231953758
Longit_batch1_12,0.013451342217169773,0.04019816129603386,0.0028078772613193454
Longit_batch1_13,0.0076383674938963865,0.04792989043747909,0.003414128044475925
Longit_batch1_14,0.011258236903069709,0.058611186828778486,0.004730840197757074
Longit_batch1_15,0.00714647126896265,0.04948192027537879,0.003092443527297827
Longit_batch1_TQC04,0.009539266775143832,0.04992590642677969,0.0032389792633923807
Longit_batch1_16,0.0056209825345753155,0.04058118209132952,0.002499491917744891
Longit_batch1_17,0.008161929897769957,0.03782757331129341,0.0033810772158411177
Longit_batch1_18,0.010278234274382295,0.04125655968036551,0.00356146671501316
Longit_batch1_19,0.009952316770295264,0.070003891487374,0.004594186819305209
Longit_batch1_20,0.009707697045350676,0.04056996679662732,0.001734332885453393
Longit_batch1_PQC 04,0.016440414134773648,0.06581568904566014,0.005328283855072926
Longit_batch1_21,0.013220827966754396,0.05268681016336778,0.002702831002740062
Longit_batch1_22,0.009962265588672999,0.05074806276740367,0.003454647196619238
Longit_batch1_23,0.014141159652768286,0.06252834992976293,0.006239706229549007
Longit_batch1_24,0.010525803834368384,0.04856044591505106,0.0036907072334579163
Longit_batch1_25,0.010261524684332064,0.061714744536881916,0.00216455328106009
Longit_batch1_TQC05,0.00956125269658271,0.04329186207195919,0.002753192638822649
Longit_batch1_26,0.009831816784845954,0.035059132832197706,0.002765500025126527
Longit_batch1_27,0.014124013535186532,0.04413860333299398,0.003948155528355563
Longit_batch1_28,0.010434112917548382,0.0500292970900837,0.0034186512783942655
Longit_batch1_29,0.007865360388938245,0.04366544730994723,0.004887489656792218
Longit_batch1_30,0.012418040780340374,0.05398217841576311,0.005802119593781672
Longit_batch1_PQC 05,0.012399117481791903,0.05560406052339611,0.003968809576829394
Longit_batch1_31,0.013693359143693221,0.058680383912725696,0.003117690598720687
Longit_batch1_32,0.008102557543983247,0.04004326373073851,0.0032436896087524743
Longit_batch1_33,0.0065082840237949795,0.04395428598212381,0.0023218100167276736
Longit_batch1_34,0.005595762010253545,0.0344420884901182,0.0024809281453882642
Longit_batch1_35,0.010362798212704378,0.05811260691080927,0.005050472514892549
Longit_batch1_TQC06,0.007906857822841267,0.06067203438991326,0.002804109408183636
Longit_batch1_36,0.01480031022476724,0.039997330044268295,0.0031495490623468744
Longit_batch1_37,0.009863553085878518,0.07731835425340962,0.004233578287176797
Longit_batch1_38,0.01149295112777423,0.03895585856333364,0.0028604291776612896
Longit_batch1_39,0.010651681797932806,0.05399322439511419,0.005217048722019821
Longit_batch1_40,0.012017390728426686,0.043725892322378446,0.004470068496461511
Longit_batch1_PQC 06,0.01290023941004999,0.06458929607101717,0.004018853880229562
Longit_batch1_41,0.013992766640986786,0.038010811583729605,0.004082114624381566
Longit_batch1_42,0.007510150879406458,0.03420929786929223,0.003205035267733305
Longit_batch1_43,0.009874178020582849,0.0598470260691486,0.002916436825774454
Longit_batch1_44,0.010505718631772902,0.05517855306438396,0.0019547973133993944
Longit_batch1_45,0.010436344009251012,0.08017268266217349,0.002838685538121406
Longit_batch1_TQC07,0.01017188681514072,0.06249466080448246,0.003021303673206037
Longit_batch1_46,0.0065994817886404645,0.038812756260919436,0.004024106643614512
Longit_batch1_47,0.009397417252550853,0.040995710343317567,0.0034203132025533763
Longit_batch1_48,0.014106630405537703,0.06953789111043686,0.003612184955903797
Longit_batch1_49,0.014178425438483359,0.07055712194837901,0.003667300314892024
Longit_batch1_50,0.010314682779484285,0.06675659340188947,0.0045413136655417605
Longit_batch1_PQC 07,0.013186126127184469,0.06884226897812017,0.0054552966278457685
Longit_batch1_51,0.006442457660386169,0.03294826173922141,0.001618537427730252
Longit_batch1_52,0.011823917669412768,0.03961313984695899,0.003650099854828676
Longit_batch1_53,0.009021751063271653,0.038930552298087985,0.002486468130767757
Longit_batch1_54,0.00813296401599613,0.037158969749577754,0.003924841978167519
Longit_batch1_55,0.0076610697830490964,0.041348653162228806,0.003188131557851052
Longit_batch1_TQC08,0.008540423507674172,0.06385153746729755,0.002557277072807849
Longit_batch1_56,0.007581980646132729,0.0432542875538177,0.003136305991517912
Longit_batch1_57,0.014247481028039303,0.04510770663913417,0.004710047866189305
Longit_batch1_58,0.014593609936259631,0.05191866129300377,0.00502515543517172
Longit_batch1_59,0.009842752094712066,0.04042229339186686,0.003359059441809368
Longit_batch1_60,0.013225831691382813,0.054110961040224705,0.00298332124770692
Longit_batch1_PQC 08,0.009092299573795273,0.06503446579823124,0.004296669276309669
Longit_batch1_61,0.011361482052788063,0.08203350325836327,0.004287969724347162
Longit_batch1_62,0.0070136137254758575,0.030716759048390243,0.001683862142981299
Longit_batch1_63,0.01139742672512711,0.04822890291938241,0.0032720468394720503
Longit_batch1_64,0.010420463700054547,0.06135805100778899,0.003990909549713376
Longit_batch1_65,0.01183874141006641,0.05682161776082896,0.00458893217612671
Longit_batch1_PQC 09,0.014414718037131243,0.05463425852133221,0.004143364429717502
Longit_batch1_PQC 09b,0.012304134943742882,0.06028025761714778,0.004177721596616519
Longit_BLANK-02 (Eluent A),0.0523150779398988,0.1395843062141852,0.0016962398264426084
Longit_batch2_TQC09,0.009602142380066602,0.05425084267183398,0.0030783026857913796
Longit_batch2_TQC10,0.010244998588574845,0.06114395956106752,0.004022945895689734
Longit_batch2_PQC 10,0.011674309374004701,0.05009085144441621,0.003759976877038241
Longit_batch2_PQC 11,0.01132408965717989,0.051381960187698236,0.004482026014040904
Longit_batch2_1,0.013693317035887371,0.047945888727221865,0.00481783498147641
Longit_batch2_2,0.013414504731576628,0.04941037090352328,0.002420437762263887
Longit_batch2_3,0.0076754625254665055,0.03319537639611451,0.002488537979944341
Longit_batch2_4,0.006352459134313968,0.032845992877374205,0.0023758923590201596
Longit_batch2_5,0.0054129683802630855,0.04146144839223536,0.002978572748742354
Longit_batch2_6,0.009148311948293833,0.048668208394830444,0.003589998548310658
Longit_batch2_7,0.013717878188693971,0.06726896750026708,0.00323839747809116
Longit_batch2_8,0.009313249539007343,0.04690781428051263,0.0040293275991972405
Longit_batch2_9,0.01065636399836454,0.046238762929361694,0.0029789369014230262
Longit_batch2_10,0.011507780593378453,0.07105171198602231,0.005885113862136474
Longit_batch2_PQC 12,0.011584502850575511,0.050112440370204576,0.0038944450223996068
Longit_batch2_11,0.007342661004835356,0.03787115497522987,0.003679051356391724
Longit_batch2_12,0.008313814748738862,0.04609599888280971,0.002656674906175563
Longit_batch2_13,0.012291338006130446,0.04637989273942239,0.004284323699842059
Longit_batch2_14,0.017478614831626806,0.07742198060160756,0.006127917249658872
Longit_batch2_15,0.008367882345319405,0.044710855085883745,0.002765500025126527
Longit_batch2_16,0.01183715813369416,0.04919960922100958,0.003798451846427464
Longit_batch2_17,0.010153091558830353,0.05595551888454372,0.004488602412188898
Longit_batch2_18,0.012632334632887232,0.05076217397968676,0.0026729838889101034
Longit_batch2_19,0.011968434989697952,0.041582633487637306,0.003571388092195985
Longit_batch2_20,0.0065540630476776125,0.037647118460752964,0.002838370544216939
Longit_batch2_PQC 13,0.013296774107037895,0.03641624541140572,0.002877202105936029
Longit_batch2_21,0.0090543170091314535,0.04068768505461467,0.003823969291782921
Longit_batch2_22,0.011370439428619131,0.06085248296225749,0.0059059756857851396
Longit_batch2_23,0.008772542239844642,0.03951348840427692,0.0018938914919532407
Longit_batch2_24,0.010609004121720136,0.07121287363139821,0.004259896856629332
Longit_batch2_25,0.00803766474844301,0.0421088194462305,0.003334903407373991
Longit_batch2_TQC13,0.008436031520590047,0.04078830703200409,0.002768579468044912
Longit_batch2_26,0.00967738486650012,0.04600070357607245,0.003414128044475925
Longit_batch2_27,0.011065523621163345,0.06190829402457461,0.003946834553065896
Longit_batch2_28,0.013742790575293153,0.03991216310892645,0.003040170291705521
Longit_batch2_29,0.006612211379069196,0.06789747652801055,0.003714995790900496
Longit_batch2_30,0.010043353602585561,0.0445651649926969,0.002340721206958531
Longit_batch2_PQC 14,0.01067471947631288,0.04542842656023714,0.0035110348121421405
Longit_batch2_31,0.005954533868601882,0.04208251147681159,0.0033906882121670064
Longit_batch2_32,0.013945936542076936,0.04473977862729826,0.005778339565858215
Longit_batch2_33,0.008764086478203452,0.05863066663312562,0.004281168934793728
Longit_batch2_34,0.006081066068890467,0.02818530540146099,0.0018651547604583082
Longit_batch2_35,0.018487711560550103,0.06488662485913566,0.0055149951790936765
Longit_batch2_TQC14,0.00743978387329719,0.044712818586099795,0.003206853553219844
Longit_batch2_36,0.00790684441851811,0.06453928496742956,0.004632556762676064
Longit_batch2_37,0.009904202550109532,0.06967988235950394,0.006147573159207922
Longit_batch2_38,0.011126467371780567,0.04289055556283723,0.004001410366500765
Longit_batch2_39,0.010573878653794538,0.02969311805554972,0.0035982166447209537
Longit_batch2_40,0.012474678986644361,0.08293557091173918,0.00442596321609584
Longit_batch2_PQC 15,0.009989647852496019,0.04278191336496758,0.0043599326726126006
Longit_batch2_41,0.01094968005182265,0.04332275993553588,0.0033900495382303978
Longit_batch2_42,0.010138529121756815,0.04591961634645775,0.002779039200683963
Longit_batch2_43,0.008838913820156299,0.04232198169480808,0.0030814268308935245
Longit_batch2_44,0.011130067364081455,0.06934543767495664,0.0028844056008728853
Longit_batch2_45,0.00901237330317653,0.046993611337547696,0.0022836450202684835
Longit_batch2_TQC15,0.008650337709327749,0.05112974102087457,0.00362932249365509
Longit_batch2_46,0.011205977661200893,0.047947093811495894,0.003911808565523899
Longit_batch2_47,0.010676623851923995,0.05726869616509686,0.0030422626346382196
Longit_batch2_48,0.010362798212704378,0.041444174997597415,0.0019122031229510236
Longit_batch2_49,0.012280605933639619,0.053112616879150955,0.0032767802935722416
Longit_batch2_50,0.011807628257624906,0.05473740513579564,0.0037768380871291453
Longit_batch2_PQC 16,0.008782481124851686,0.050012416504971624,0.00533963233663735
Longit_batch2_51,0.011459737842237404,0.0361854776461774,0.004972212791026071
Longit_batch2_52,0.008113042335719748,0.05356799035334724,0.005028154755784481
Longit_batch2_53,0.011322845135783383,0.036042579587919135,0.0031542397589769356
Longit_batch2_54,0.006849213751253169,0.03927396571785109,0.0015375622380444558
Longit_batch2_55,0.007117739819813134,0.053215005534767726,0.004657994591161372
Longit_batch2_TQC16,0.009326209003252584,0.043156765418047686,0.003017237042837813
Longit_batch2_56,0.007558827309520915,0.04214743105210097,0.004204463744639427
Longit_batch2_57,0.012938099817028747,0.05068754073997729,0.0023315775139926657
Longit_batch2_58,0.019238985717310468,0.06714489328635166,0.004480773661252974
Longit_batch2_59,0.017821298408831013,0.0952870973815844,0.00630431436041587
Longit_batch2_60,0.006967584843566279,0.02577168830963205,0.0024856633131341115
Longit_batch2_PQC 17,0.014017133566945575,0.057032264924376304,0.004376094684358307
Longit_batch2_61,0.013035208867891071,0.04786150727996978,0.0028801355399952155
Longit_batch2_62,0.005204410077300219,0.03954084194315269,0.002816336902176526
Longit_batch2_63,0.007068018109510994,0.030591202149392562,0.002951876454347664
Longit_batch2_64,0.013728988240454243,0.05035440177904984,0.0027298938531706285
Longit_batch2_65,0.010102290860340144,0.074144491658368325,0.004022324080417133
Longit_batch2_PQC 18,0.013060629977746808,0.04772928642780138,0.003930031609256521
Longit_batch2_PQC 18b,0.011569252835732067,0.06293138163056845,0.004590644070120862
Longit_BLANK-03 (Eluent A),0.025002719841805427,0.08916359462534078,1.0803788395401708e-4
Longit_batch3_PQC 19,0.00895169168194761,0.062406870867471494,0.005675314401890748
Longit_batch3_PQC 20,0.010165719690932296,0.06119837410597515,0.005205361483690895
Longit_batch3_1,0.014371755364485496,0.04466449329062177,0.004591850003575865
Longit_batch3_2,0.010887296109893595,0.05175154945757328,0.0038004557579918536
Longit_batch3_3,0.011183696442163445,0.05478362562632751,0.0031046660394127255
Longit_batch3_4,0.009299658657848429,0.03373845369632417,0.002599471386058776
Longit_batch3_5,0.007071295816858242,0.03438533936496932,0.002878365867112975
Longit_batch3_TQC19,0.00969211125365614,0.041590978494757694,0.003179080065224393
Longit_batch3_6,0.012285144188420773,0.06932127232655988,0.004380021673685314
Longit_batch3_7,0.013935881056136527,0.061721966390123444,0.004955483807180885
Longit_batch3_8,0.009906256680472843,0.06926364855719454,0.0022218243797211728
Longit_batch3_9,0.012048568080467566,0.04019816129603386,0.002511443749328692
Longit_batch3_10,0.007048092389252266,0.06160809671546489,0.0057714090519947695
Longit_batch3_PQC 21,0.010886505109589334,0.0406378253073947,0.0034681043257613962
Longit_batch3_11,0.0075610058034441836,0.04169285785433686,0.002866970438083195
Longit_batch3_12,0.011687208794103092,0.037831853984241964,0.0027399771138123434
Longit_batch3_13,0.006810501782424784,0.040860516520308456,0.0042552748053875785
Longit_batch3_14,0.008670773197058446,0.047533850658320546,0.003697775839440105
Longit_batch3_15,0.01218243306945225,0.05518388528696871,0.003143782244900923
Longit_batch3_TQC20,0.008869704017906387,0.04434787881009169,0.002942732871350123
Longit_batch3_16,0.012072988965108597,0.05953765064407839,0.0034204913629895784
Longit_batch3_17,0.009539634155215538,0.03860100968268034,0.003414128044475925
Longit_batch3_18,0.010362798212704378,0.05862711949122577,0.003367833996778351
Longit_batch3_19,0.0062170055085495135,0.041128837117849815,0.0029044347769796065
Longit_batch3_20,0.008634018075488407,0.04596989015209733,0.004784600820608386
Longit_batch3_PQC 22,0.010051683416657376,0.04870526581187887,0.004165052477928285
Longit_batch3_21,0.014425490185206261,0.037997090435151835,0.0032977784353028245
Longit_batch3_22,0.007678643564163813,0.027765359392221522,0.0029542578057362703
Longit_batch3_23,0.00935026235472389,0.0491036125393115,0.003300989710193004
Longit_batch3_24,0.011141110914970817,0.05021196082555287,0.0035003689460807105
Longit_batch3_25,0.011367753105223805,0.0629916795922542,0.002690680828406182
Longit_batch3_TQC21,0.009582973439158855,0.059010574855600496,0.0037203151701278307
Longit_batch3_26,0.007895125719021174,0.04939090884964036,0.0029026599284088985
Longit_batch3_27,0.00661007127671036,0.04443861184734345,0.004337182578987245
Longit_batch3_28,0.010354049522943635,0.060873313453888155,0.0032977637804786626
Longit_batch3_29,0.01431595891368504,0.04006878024854069,0.004493075620203629
Longit_batch3_30,0.012621268528803742,0.05395167370413782,0.0039605207021927505
Longit_batch3_PQC 23,0.01023266701728079,0.05369740845255543,0.004203983785245899
Longit_batch3_31,0.009929809657763316,0.057918119351699764,0.002516423839960054
Longit_batch3_32,0.005809390386313172,0.03689909630011355,0.004591686790172919
Longit_batch3_33,0.007962241639186981,0.055042856544661636,0.00432479190991462
Longit_batch3_34,0.012009736804492268,0.0608605490290548,0.0036618626503313457
Longit_batch3_35,0.009947201059034684,0.040908346271678046,0.0026243555256264084
Longit_batch3_TQC22,0.00953369288550757,0.05737038229888839,0.0038899078797460193
Longit_batch3_36,0.014876973755475625,0.05326633958064918,0.003859405241006199
Longit_batch3_37,0.011156035177688746,0.06457879407459441,0.00346822494950606
Longit_batch3_38,0.013217318635361784,0.03920777589580876,0.00253839282745312
Longit_batch3_39,0.012474678986644361,0.032981608587572785,0.0030908161773945085
Longit_batch3_40,0.008482670825155074,0.046583035648423504,0.0038000799700015054
Longit_batch3_PQC 24,0.010578135387461116,0.05800895700124215,0.004329713786542168
Longit_batch3_41,0.014840125694377065,0.055068230250518525,0.004503885069118186
Longit_batch3_42,0.008337093051711418,0.05492121381436639,0.004347501699509967
Longit_batch3_43,0.006499088174940262,0.05332637202008173,0.0040514460040990815
Longit_batch3_44,0.007375419651233975,0.03571243690919428,0.002116390317887212
Longit_batch3_45,0.010949840618026471,0.061243073090677905,0.0038896770399128107
Longit_batch3_TQC23,0.008645724555583418,0.046585511398632956,0.003208789222690811
Longit_batch3_46,0.007899576433187276,0.04460056460908362,0.004453853937651843
Longit_batch3_47,0.006359514821541747,0.04256051905081834,0.0032004052173632363
Longit_batch3_48,0.008063889803565356,0.04326683776888345,0.003747831516452937
Longit_batch3_49,0.01218291919795879,0.058363058625985655,0.004421658032120948
Longit_batch3_50,0.01159016662527844,0.03979053625094648,0.0030996044470818656
Longit_batch3_PQC 25,0.011008509410442999,0.0636517385402003,0.004516708347759933
Longit_batch3_51,0.013318472550384585,0.04514525871046069,0.0032328674522520396
Longit_batch3_52,0.010138902224863319,0.040972440487382134,0.0021653387243634223
Longit_batch3_53,0.010659228028153372,0.04690781428051263,0.003255034396341944
Longit_batch3_54,0.010678876467959791,0.05036134209584716,0.004229225082466339
Longit_batch3_55,0.01095117344405627,0.03430779393636758,0.0025301559150922967
Longit_batch3_TQC24,0.01000076816389885,0.046221442433539095,0.00355853592807662
Longit_batch3_56,0.007612492882063686,0.04149956377788314,0.0022853608953287627
Longit_batch3_57,0.010897555585689245,0.04744417774071065,0.0045471805080523064
Longit_batch3_58,0.010805198754339416,0.04807438705321474,0.0027163329525627753
Longit_batch3_59,0.010514603485078863,0.09386227048645784,0.003632412287206413
Longit_batch3_60,0.007886504471315727,0.04380740470592818,0.002765500025126527
Longit_batch3_PQC 26,0.009401672930442992,0.055185990598705194,0.005110202355005458
Longit_batch3_61,0.007689671567209883,0.05090449299734142,0.0032459168108264057
Longit_batch3_62,0.009209262619105544,0.042868810840620615,0.0026489608540478794
Longit_batch3_63,0.014078674970703788,0.052601887598562796,0.005117183073805787
Longit_batch3_64,0.006896427422474551,0.04582440762491612,0.004926625318368461
Longit_batch3_65,0.014111056065625594,0.04628622265361366,0.004105269653040721
Longit_batch3_PQC 27,0.011511183048897988,0.05864395261534488,0.005008340816499696
Longit_batch3_PQC 27b,0.010665007029814813,0.05712423347329253,0.004814002709995577
Longit_batch3_LTR 01,4.388469935094862,0.046883361865677514,0.0025105206827482672
Longit_BLANK-04 (Eluent A),0.15774630613463772,0.19157911132904804,0.012717251532708055
Longit_batch4_PQC 28,0.01393140259330559,0.06913191315729317,0.005135347161327981
Longit_batch4_PQC 29,0.013693734891626846,0.051540262607987324,0.0037709036302857515
Longit_batch4_1,0.010434350890111792,0.03367177475559329,0.001591682305235307
Longit_batch4_2,0.012547647910283462,0.04755404186036403,0.002613334946238248
Longit_batch4_3,0.009886577252980684,0.04383046758864324,0.0031744040664731686
Longit_batch4_4,0.007927428599915047,0.05407207673629615,0.0044255345653619075
Longit_batch4_5,0.00906540245543903,0.06423622185094549,0.004246076023495528
Longit_batch4_TQC27,0.01118735296743325,0.049962671846347395,0.0032892182224051316
Longit_batch4_6,0.007566830586284802,0.032140510137355374,0.003556458785667371
Longit_batch4_7,0.01184355338914173,0.04882671870295906,0.003197571680245409
Longit_batch4_8,0.009143161548788798,0.03791588004610178,0.0047907946459367
Longit_batch4_9,0.012646823153999918,0.093313712047531,0.008008260041953855
Longit_batch4_10,0.013184209474521766,0.04724591601498427,0.0039056586040421555
Longit_batch4_PQC 30,0.013868626205479693,0.06158523756602095,0.004407629397547623
Longit_batch4_11,0.011325889416542069,0.05046906779463037,0.003497119854022177
Longit_batch4_12,0.009136858046264818,0.048242518084148665,0.003003140146058674
Longit_batch4_13,0.008100291600490663,0.04391221906177133,0.002232874678530794
Longit_batch4_14,0.010170706372489501,0.05469970771899769,0.002832669783204261
Longit_batch4_15,0.008843936159283429,0.03891816936811538,0.0025260498864542566
Longit_batch4_TQC28,0.009625486635562496,0.04698686142003107,0.0028341673515532807
Longit_batch4_16,0.00837660687961838,0.04779798188474421,0.0028325905178347007
Longit_batch4_17,0.011913617994747114,0.03863927912096228,0.004379344749902282
Longit_batch4_18,0.01272684320524376,0.034440075897228375,0.0015035558563166792
Longit_batch4_19,0.009145259182128815,0.04634996597202423,0.0022475900321031954
Longit_batch4_20,0.00737656949433106,0.03935372870882526,0.0021517536343924324
Longit_batch4_PQC 31,0.012343447884990146,0.0532061724586766,0.003714942857920837
Longit_batch4_21,0.01367604119976018,0.058242941875469814,0.005355613309119529
Longit_batch4_22,0.0057514203455291775,0.033916155007431024,0.003125600725256197
Longit_batch4_23,0.01469049377440161,0.047940116842071244,0.0034814825187257955
Longit_batch4_24,0.01127182351804206,0.0451385057075427,0.0028901123479739593
Longit_batch4_25,0.012481968499035878,0.08861726123100168,0.006523724379488804
Longit_batch4_TQC29,0.009626595499275515,0.047942233921430835,0.0026946721802733383
Longit_batch4_26,0.014135140419955441,0.059226827465465946,0.006155444243078576
Longit_batch4_27,0.01281404355251947,0.03927060916653071,0.003586753145607762
Longit_batch4_28,0.0079130993076048,0.028047795856637487,0.0016041280595933992
Longit_batch4_29,0.008154031097643033,0.04158361374062656,0.0036544151352239556
Longit_batch4_30,0.011901852756121574,0.04362653220575905,0.0037829333899397043
Longit_batch4_PQC 32,0.013451274497325687,0.0654442878103181,0.004820465919980184
Longit_batch4_31,0.007894796630968376,0.04290119293358696,0.0029706698973545817
Longit_batch4_32,0.010388595380400906,0.052011071585809324,0.003016921203373777
Longit_batch4_33,0.010337065105050308,0.04948781613799239,0.0050765715979209525
Longit_batch4_34,0.0117865381734503,0.04779505448839553,0.0031737744951584835
Longit_batch4_35,0.00906837310906011,0.06945750950407226,0.005275228229285066
Longit_batch4_TQC30,0.009308533825942012,0.042299936445850006,0.002605810776658715
Longit_batch4_36,0.009495549809158451,0.061427179754719785,0.0025842071540154053
Longit_batch4_37,0.01131273906781417,0.04518625178230556,0.004017855644072336
Longit_batch4_38,0.012016608116982214,0.0491482652468193,0.0033334929320561605
Longit_batch4_39,0.01141188306246204,0.032699530924392955,0.0012283184242806832
Longit_batch4_40,0.00971381595006422,0.04017047699428207,0.0014458558451442341
Longit_batch4_PQC 33,0.013534682616607799,0.055465902498959135,0.003823295501585455
Longit_batch4_41,0.011949344105387111,0.03784289046284476,0.004339471291555236
Longit_batch4_42,0.00880601743109728,0.04657213207332494,0.002259473164722727
Longit_batch4_43,0.00889719528008302,0.04854392583723355,0.0041839272149397505
Longit_batch4_44,0.014177265653226766,0.049593432842179395,0.0037085751074599073
Longit_batch4_45,0.008853054265448086,0.037773232937252266,0.0019738232467196577
Longit_batch4_TQC31,0.010375774809871716,0.0581232469220584,0.0026857867247884744
Longit_batch4_46,0.012175452119503879,0.07493202372747164,0.005129123009147826
Longit_batch4_47,0.011240762555828225,0.06480805917714155,0.005217603122889235
Longit_batch4_48,0.009428501297774021,0.05665683867992314,0.0037720021686609463
Longit_batch4_49,0.007658114678709648,0.03255513763535387,0.0033611764596274615
Longit_batch4_50,0.007482736549501001,0.0362929742602362,0.0026023339205592517
Longit_batch4_PQC 34,0.011561223005499024,0.04682625675590697,0.0034008548404379627
Longit_batch4_51,0.00612871715435518,0.03307104782199781,0.0034322880249310324
Longit_batch4_52,0.013939901116164017,0.04283869292480927,0.003266591086164186
Longit_batch4_53,0.006702357231662253,0.04455521185878535,0.005459858443699427
Longit_batch4_54,0.013650060623328809,0.05011997188353966,0.0020002241289231826
Longit_batch4_55,0.010581820469719781,0.05573860267209792,0.0037830451062924263
Longit_batch4_TQC32,0.011001209004520125,0.05415016140335056,0.002848291089964647
Longit_batch4_56,0.006980777067908126,0.03589880052619989,0.0031480732954631803
Longit_batch4_57,0.014545447588963893,0.061625672504231406,0.0033960641471256544
Longit_batch4_58,0.015755054073463042,0.056834217581186466,0.004066960395616339
Longit_batch4_59,0.008613475206704205,0.040258129177187234,0.002669181597969193
Longit_batch4_60,0.008460341928010968,0.0450448330247845,0.003906791740712185
Longit_batch4_PQC 35,0.011462386028262649,0.060396067335166746,0.004503644328918195
Longit_batch4_61,0.007213846800881712,0.030386691145398142,0.0010605313724437698
Longit_batch4_62,0.011858570727597722,0.04733902330396394,0.004370983989270763
Longit_batch4_63,0.008288476732921572,0.04119975479897754,0.00321588298145755
Longit_batch4_64,0.011081848528825535,0.05065735238983231,0.003835641907171186
Longit_batch4_65,0.014207533478823055,0.06865111087098545,0.006599716250108498
Longit_batch4_PQC 36,0.01365609963812351,0.05753627920641791,0.004255414719205097
Longit_batch4_PQC 36b,0.010298129447810509,0.049050840481709754,0.0037496648869464427
Longit_BLANK-05 (Eluent A),0.19017026796426417,0.12264629192734834,3.8136942056958074e-4
Longit_batch5_PQC 37,0.012344489640574108,0.02638703577201223,0.0031815775775257105
Longit_batch5_PQC 38,0.011631476453413758,0.041516103440937986,0.0038289444894241474
Longit_batch5_1,0.013339564985566585,0.05429558047928255,0.004193320301998321
Longit_batch5_2,0.010362798212704378,0.07215545714573583,0.003414128044475925
Longit_batch5_3,0.009655683242720347,0.033224925942400334,0.0028602437821875514
Longit_batch5_4,0.009056329477294076,0.049375609247192094,0.0027221392918385734
Longit_batch5_5,0.008081909441517291,0.03821269052826894,0.003441878223109953
Longit_batch5_6,0.01450945202744729,0.07745429348231171,0.00543785550750409
Longit_batch5_7,0.00808836982518379,0.05063790227541412,0.0029774530450078856
Longit_batch5_8,0.009777820348811951,0.06280036062100812,0.002765500025126527
Longit_batch5_9,0.014948867479128896,0.04710829079671608,0.004383702607235643
Longit_batch5_10,0.013988394434682153,0.04032454429009248,0.002779829106592884
Longit_batch5_PQC 39,0.01206107978812831,0.03346645216612211,0.003830477274204927
Longit_batch5_11,0.010426308834577432,0.028373262527569647,0.0033518662700201905
Longit_batch5_12,0.008375502639288592,0.0611076640109794,0.0025921706420092556
Longit_batch5_13,0.009446466982804122,0.042929294808956665,0.006266459580888119
Longit_batch5_14,0.01418080006847262,0.047078950246126815,0.0037330841903303997
Longit_batch5_15,0.010407816566312757,0.04968456221011585,0.002307254227834005
Longit_batch5_TQC36,0.010949434485133825,0.042692341914959055,0.0028186999069288285
Longit_batch5_16,0.008918362664098971,0.045596001257267954,0.0020970372740011685
Longit_batch5_17,0.013148144342072059,0.03284153603452979,0.0033308111375091403
Longit_batch5_18,0.008763655151611241,0.05775350793120105,0.0021576275378880224
Longit_batch5_19,0.013061418263736036,0.05872641276677814,0.003800547230370851
Longit_batch5_20,0.012795246800856254,0.04822711639137952,0.004620122623906984
Longit_batch5_PQC 40,0.01273332700734004,0.04919105702098898,0.0031102576348094337
Longit_batch5_21,0.013295284163646306,0.07156772702078185,0.004974917691095684
Longit_batch5_22,0.00923489785632529,0.04031395403758116,0.004794419162351653
Longit_batch5_23,0.007839288668717782,0.042225141521942684,0.0034754374983670703
Longit_batch5_24,0.009902232586894608,0.040549073224886045,0.003912404352607419
Longit_batch5_25,0.007393151842336784,0.03515370713006555,0.004902871244568013
Longit_batch5_TQC37,0.010011841271826177,0.04146230441798409,0.003335867518734994
Longit_batch5_26,0.01293118883415371,0.057129709120541515,0.002895347989790249
Longit_batch5_27,0.0077141303743576695,0.02802923158796383,0.0034364955931863632
Longit_batch5_28,0.009777432122038208,0.046312679002932504,0.0021173162265239747
Longit_batch5_29,0.014642101659409922,0.05227779081587044,0.003680309958977295
Longit_batch5_30,0.011379122167040782,0.06578585711715906,0.004040447561334343
Longit_batch5_PQC 41,0.012860907784134278,0.04483276059882729,0.003348382339892789
Longit_batch5_31,0.012475817834686492,0.07236081076165234,0.0033937493477388743
Longit_batch5_32,0.011063853173201703,0.03969096960183341,0.004041591853229378
Longit_batch5_33,0.013285694605618544,0.06813651307404738,0.0052709741870707455
Longit_batch5_34,0.009776431681389391,0.030627728688106374,0.0032916513282732936
Longit_batch5_35,0.012474678986644361,0.033073956657405056,0.0036316278651575347
Longit_batch5_TQC38,0.008029973283512322,0.04756007874672483,0.0032276986241785415
Longit_batch5_36,0.0081283008791683,0.05473740513579564,0.0030637645544668224
Longit_batch5_37,0.012542865018595738,0.04795984950272904,0.003834874226175383
Longit_batch5_38,0.00995295474302224,0.034954199869160596,0.0025084596809025906
Longit_batch5_39,0.009919442909082421,0.049613675211926354,0.003229049686963613
Longit_batch5_40,0.009261756930337987,0.043704322138889286,0.0026034317358453194
Longit_batch5_PQC 42,0.009477694126804015,0.045632714536034846,0.003930108769202084
Longit_batch5_41,0.011849927881527677,0.04053985906636371,0.0029656026111224134
Longit_batch5_42,0.012116603465989284,0.07812506265836204,0.005609171761932262
Longit_batch5_43,0.009465309799720352,0.06981867599147794,0.0025928695944821955
Longit_batch5_44,0.013130529736698942,0.03131096496748861,0.003465387520710521
Longit_batch5_45,0.012118456533318885,0.04948440937980195,0.003709042711533273
Longit_batch5_TQC39,0.010409860511060047,0.05401059511239723,0.003335135535138678
Longit_batch5_46,0.009098275033485042,0.04555332619785747,0.0023133384358868946
Longit_batch5_47,0.009081442113413635,0.04690781428051263,0.002545135605106116
Longit_batch5_48,0.00959107135161693,0.0387839167562658,0.004331355892770757
Longit_batch5_49,0.013724719270635684,0.05422692097040885,0.0033048191796383524
Longit_batch5_50,0.01095194753567626,0.04460642579027268,0.002236326947310676
Longit_batch5_PQC 43,0.012601341360861149,0.03856726948004722,0.0030988735167979337
Longit_batch5_51,0.009043258408028337,0.06462820448743241,0.002477824704572831
Longit_batch5_52,0.012745426774717968,0.050114665983156725,0.00466069465262526
Longit_batch5_53,0.00799372401044877,0.04044775750239548,0.0038689741163137814
Longit_batch5_54,0.01006263430093916,0.0412382727236778,0.00449582296566472
Longit_batch5_55,0.012945838437551276,0.02765951536564666,0.0026473139270686524
Longit_batch5_TQC40,0.010024822354382682,0.044374472336286,0.003030783415320136
Longit_batch5_56,0.008738392224068057,0.039030587483989694,0.004455420181018566
Longit_batch5_57,0.011679578018931611,0.040489530943520174,0.005538745303311103
Longit_batch5_58,0.01300159092423677,0.04024213735581031,0.002593747836482735
Longit_batch5_59,0.0085881411267455,0.05740900122055866,0.004634001102895235
Longit_batch5_60,0.012802063674501691,0.039415904532567984,0.003081443557790804
Longit_batch5_PQC 44,0.011955157070287405,0.04464816248749357,0.003256536397055038
Longit_batch5_61,0.008056668112219735,0.038056801560964214,0.003116370896935622
Longit_batch5_62,0.009577677187449197,0.05245711143081049,0.0022894143668213307
Longit_batch5_63,0.013597592381491504,0.05247481544329036,0.0032315922661781057
Longit_batch5_64,0.01463046625799112,0.09698231566107866,0.005124932533988283
Longit_batch5_65,0.011570215155850699,0.04110773245364883,0.0034653801716579046
Longit_batch5_PQC 45,0.011076796057821152,0.04549779260693657,0.0032481105032808226
Longit_batch5_PQC 45b,0.009991026943344673,0.04865197350601883,0.003587207387918085
Longit_BLANK-06 (Eluent A),0.18537448660325492,0.08186020232392875,0.0010740835619061394
Longit_batch6_PQC 46,0.014075531951949759,0.06257309501928263,0.0044459474766198135
Longit_batch6_PQC 47,0.015105158902933154,0.0450026485885686,0.003820987015804181
Longit_batch6_1,0.008732563270680779,0.039182393624492606,0.0037598929509617372
Longit_batch6_2,0.006385816366987472,0.049940432353812396,0.0029142635774960114
Longit_batch6_3,0.014083848219772455,0.04555619187904577,0.002185047724350629
Longit_batch6_4,0.009252544955869428,0.0527909899852626,0.006018929576323192
Longit_batch6_5,0.006204830463789371,0.036895886387433234,0.004765862670922806
Longit_batch6_6,0.013020478520994425,0.036725405222952985,0.0033028486146846666
Longit_batch6_7,0.005674214906629504,0.051012408284329167,0.0031737340296268224
Longit_batch6_8,0.010362798212704378,0.05514802144259103,0.0031040061690467903
Longit_batch6_9,0.012768912591986285,0.06167755036957113,0.0029421162158919344
Longit_batch6_10,0.010515907780873301,0.09397873792326043,0.005811935089451327
Longit_batch6_PQC 48,0.011076200972739775,0.0559614796380399,0.003772671570556041
Longit_batch6_11,0.008466792668695457,0.04019816129603386,0.0027945113419504315
Longit_batch6_12,0.010558407601330172,0.034269931386172826,0.003414128044475925
Longit_batch6_13,0.01180985205537994,0.04382652805263856,0.0028470121448898366
Longit_batch6_14,0.009734543493630175,0.06069194723822137,0.005165557993331561
Longit_batch6_15,0.014214680060525968,0.023943667327619548,0.003959168424429117
Longit_batch6_TQC44,0.007917163305221832,0.04510000591431779,0.002781817340890478
Longit_batch6_16,0.007966565627639683,0.058386081301287446,0.004502526399667526
Longit_batch6_17,0.009380214618881808,0.05186392197834543,0.005657084115828533
Longit_batch6_18,0.010435655728854631,0.041881041646278615,0.0023156246066019705
Longit_batch6_19,0.008508825018088778,0.04376607129570463,0.002752831901734441
Longit_batch6_20,0.006896946695427659,0.048361695395361295,0.004017433450757151
Longit_batch6_PQC 49,0.01404602791282969,0.07763252015615807,0.005017112600643517
Longit_batch6_21,0.013884801942871644,0.03847100457349413,0.0018475374722002626
Longit_batch6_22,0.011405961053662433,0.05219360356013124,0.004825680259793499
Longit_batch6_23,0.009068803551715228,0.040012556401141465,0.0029915820253465994
Longit_batch6_24,0.009363226322036866,0.04957483043657848,0.004363469964675177
Longit_batch6_25,0.013158858080859369,0.03860491865116834,0.001537248392174941
Longit_batch6_TQC45,0.008403730096367945,0.04828378164638115,0.002656625873938139
Longit_batch6_26,0.006404122818054964,0.0681830513265455,0.004214887072200879
Longit_batch6_27,0.00839559712531613,0.04336835390468758,0.0027850236082158294
Longit_batch6_28,0.006213528707464477,0.0361927844698801,0.004052721082985594
Longit_batch6_29,0.012278850102989108,0.06980341688665534,0.006508612925137802
Longit_batch6_30,0.01241651296572772,0.050096082725865555,0.0029201024117120663
Longit_batch6_PQC 50,0.015675971102437403,0.05697635955502139,0.005330796650382575
Longit_batch6_31,0.011461437555516615,0.022513296059057927,0.0036876748836017956
Longit_batch6_32,0.007265578622621399,0.036345854525860984,0.0027441510527809448
Longit_batch6_33,0.014062667193085184,0.062453495809638694,0.0041737311277200454
Longit_batch6_34,0.008608444907656566,0.047913848151226714,0.0027209097503106583
Longit_batch6_35,0.005704404584615777,0.05585126858685621,0.003360911173935399
Longit_batch6_TQC46,0.009125510809139885,0.05178883385756184,0.003233416876029096
Longit_batch6_36,0.010707263009802336,0.04690781428051263,0.0019001775061544767
Longit_batch6_37,0.010366188383619052,0.04782634490164473,0.003174160435110166
Longit_batch6_38,0.008092649038001604,0.04854577460111344,0.003501673696077851
Longit_batch6_39,0.011212025478756518,0.062422883724631464,0.004214517981066381
Longit_batch6_40,0.012131869108356449,0.04995759826084047,0.003915618382824648
Longit_batch6_PQC 51,0.010053928323591456,0.0605105763354014,0.005498986964505219
Longit_batch6_41,0.0041971828720931414,0.034338724106994616,0.0038367192273178305
Longit_batch6_42,0.006795528309594169,0.04530813383943424,0.004734984420661314
Longit_batch6_43,0.009778552164135054,0.04043392326811942,0.005145802984918362
Longit_batch6_44,0.017379596094982283,0.034280944900865154,0.0048118764841916795
Longit_batch6_45,0.008401200565843914,0.04466332557239702,0.004850814080585331
Longit_batch6_TQC47,0.00879261547728415,0.05761603524176741,0.0038315088503380816
Longit_batch6_46,0.012845700199255874,0.06094886290783711,0.007522721233415702
Longit_batch6_47,0.010080693079659619,0.05333110143532788,0.002859394030557095
Longit_batch6_48,0.010451257379515867,0.06728587305828915,0.0026594182560510963
Longit_batch6_49,0.013305984745916311,0.035884669916327556,0.0046540992756752934
Longit_batch6_50,0.011261568973876913,0.04498065140177269,0.003001958192079912
Longit_batch6_PQC 52,0.010211642031591165,0.042546706264972464,0.004085404360911042
Longit_batch6_52,0.011622852728168662,0.05433151476312414,0.0022284992508175903
Longit_batch6_53,0.010593870443777962,0.04561422916660973,0.0018850613925317289
Longit_batch6_TQC48,0.007654879467318967,0.06187135700339171,0.0032878860058426604
Longit_batch6_PQC 53,0.010262457776159965,0.05625864583590464,0.005723981284708468
Longit_batch6_PQC 53b,0.010495012993352409,0.06832491441653629,0.00552407818771031
Longit_batch6_B-ISTD 09,2.146568159889679e-5,4.21789488226067e-5,5.987321873267473e-8
Longit_batch6_Un-ISTD 01,1.3772236154941994e-5,2.4279245537895692e-5,1.4922095469741117e-9
Longit_batch6_TQC-100%,0.007424354617910709,0.054912974798493615,0.00298380489371128
Longit_batch6_TQC-80%,0.007692438670200839,0.05264007148976258,0.002020550320180624
Longit_batch6_TQC-60%,0.007066763209147783,0.04140416790727875,0.0026484040780010852
Longit_batch6_TQC-40%,0.007871229275167925,0.028595242971900286,0.001992558142818211
Longit_batch6_TQC-20%,0.009037016861256674,0.05534111961075524,0.0029926752526657566
Longit_batch6_TQC-10%,0.007733847715215474,0.03699150364551106,0.002162029731478515
Longit_batch6_LTR 01,117.40961310976769,0.05759080063731701,0.0023460452902425576
Longit_BLANK-07 (Eluent A),0.2545523868644334,0.20027873205917107,0.008211390494379299
