analysis_id,Cholesterol
1,1186.4669195202605
2,1061.6369457453984
3,1283.2145881927843
4,1115.8057936989235
5,1245.8467079764912
6,1039.7666996175847
7,1115.4956023892403
8,1437.8819807509785
9,1272.7014799684057
10,1109.3342197806953
11,1090.4452526004402
12,1138.525114113337
13,1107.5204038551933
14,1259.2548224163822
15,1425.3597667847632
16,1375.2132111120734
17,1228.8322719744672
18,1168.6254086450006
19,1359.357884569185
20,1136.8728612912957
21,1194.1520662721412
22,1400.9604560842836
23,1265.4954222271292
24,1137.7071342018082
25,1118.8063207761788
26,1149.6152627867502
27,1270.6706900450229
28,1182.8126385753667
29,1178.606295309946
30,1025.0763632243777
31,1381.3918601770174
32,1236.8472924194723
33,1339.848398400154
34,1168.5333138054414
35,1130.1685951705797
36,1108.5083506453518
37,1291.7508636082505
38,1218.5215718490017
39,1170.4587625110496
40,1036.0116843448727
41,1249.702479565872
42,1156.7937376794403
43,1067.6494790112104
44,1339.58508084072
45,1029.2463624631498
46,1107.9712816392794
47,1340.96050843903
48,1346.7512513234221
49,1199.882439002362
50,1131.7937895400091
51,1190.528245835478
52,1308.2825233633612
53,1286.5204455424828
54,1367.9877923399067
55,1309.1467290914316
56,1243.3855574381846
57,1158.1245334051537
58,1248.7737685276402
59,1196.6809891678388
60,939.9069135998461
61,1271.1649913790257
62,1266.6449742862999
63,1074.2781516486054
64,1272.5101621037084
65,1216.0407966943237
66,1211.470317632049
67,1004.5259672229756
68,1101.3554650890012
69,1262.1286603217736
70,1053.0082518716304
71,1283.640281919121
72,1257.0507123178324
73,1201.6809227413935
74,1246.4597110704192
75,1240.8797900897812
76,1260.8630428157123
77,1268.8025235651335
78,1253.91968901069
79,1372.1946904570318
80,912.7344956981102
81,1262.860923503115
82,1302.5201901889145
83,993.1708554274167
84,1217.638150769322
85,1136.553286981521
86,1365.4105012633495
87,1246.1405920980508
88,1181.711467066789
89,1287.416084816626
90,1072.1785677889723
91,1196.1841008515783
92,1212.8288231818992
93,1204.3946843635485
94,1199.9553824888696
95,1342.799643441564
96,1185.265743863811
97,1250.336615280262
98,1157.2052199463174
99,1285.3644494791406
100,917.0762217090187
101,1135.8706644871954
102,1197.3868820727412
103,1165.2766881642222
104,1133.658797945451
105,1174.0683174500653
106,1048.2323376922088
107,1385.7502791887348
108,1205.3972654188542
109,1266.4037119073175
110,901.5715391371077
111,1276.6470787916369
112,1248.2818531224298
113,1316.2841147494498
114,1344.2796749501188
115,1177.0682944752127
116,1096.4946980926597
117,1260.446622839406
118,1224.2256706597639
119,1157.2655621145896
120,1017.9892954334873
121,1318.4049420678593
122,1234.1401260799985
123,1111.4815405514164
124,1255.9358725486957
125,1115.8900070274478
126,1248.6032075217888
127,1240.3493897001947
128,1362.4969792616262
129,1199.9854516931302
130,1009.4076559432441
131,1298.569819609052
132,1193.7388147954432
133,1073.2506068282269
134,1207.4424175784718
135,1237.9504061507237
136,1245.5918479918257
137,1224.132125424546
138,1186.8759346460345
139,1309.7923151405391
140,985.980085365146
141,1197.3489137241843
142,1249.5975214967782
143,1243.8231818608847
144,1375.0258060734732
145,1331.5119581013782
146,1302.8007561450895
147,1234.7592447626098
148,1149.5057204130399
149,1106.6835309505789
150,988.8916648313408
151,1130.618880333643
152,1264.9691903308906
153,1161.984039729982
154,1201.1953781005059
155,1349.7772344023904
156,1247.690093083018
157,1222.8515832665187
158,1145.1377334816252
159,1153.5817480360572
160,1014.8759870172632
161,1207.4828913351685
162,1159.1386314483905
163,1241.1542759845718
164,1335.8146760072407
165,1256.3226237156537
166,1169.630766722417
167,1117.302954442259
168,1247.2227922420939
169,1235.7240203487822
170,1171.7787231504763
171,1267.7298831857609
172,1296.5536897420013
173,1200.7292973737879
174,1262.2488356800206
175,1159.382945652019
176,1467.4182436342235
177,1055.2203025805845
178,1294.1405467902507
179,1240.0840494373851
180,946.9301860067022
181,1197.5815831204056
182,1158.3241689834801
183,1181.0598753366282
184,1161.898434336749
185,1197.4036914145204
186,1250.1898761517546
187,1125.8380418460022
188,1263.6772589387103
189,1129.6040222940082
190,999.994899589415
191,1207.6830740622913
192,1116.1978069925024
193,1189.5652937868454
194,1294.6395470665675
195,1247.780858471466
196,1171.579294749566
197,1389.1051477495464
198,1234.7615114379673
199,1172.8654693666256
200,979.8889505802405
201,2097.7778049647072
202,2071.52288590321
203,1976.199685529695
204,2103.2792135095087
205,2095.711955127511
206,2077.885025915167
207,1993.293661577545
208,2057.371233495155
209,2056.3490595431763
210,1943.153855623877
211,1969.7971842501715
212,2124.2910746988423
213,2005.0430138071792
214,2067.1165234284763
215,2030.5458432115843
216,2059.672435704629
217,2041.5887284903918
218,2092.207338083531
219,2075.7973001233204
220,1862.4973131972686
221,2112.6827642430967
222,2128.9352593478125
223,2132.4850311353266
224,2103.5008149374708
225,2069.339015397367
226,2039.503760930508
227,2025.2888598800541
228,2138.8580719693064
229,2082.5355239912174
230,1823.4427391767024
231,2111.759177049676
232,2103.626773880462
233,2068.5766957660344
234,2115.8283382764403
235,2120.0112437605194
236,1978.845639860819
237,2071.167727706213
238,2066.9476183386155
239,2093.357661414399
240,1856.9502287818666
241,2159.724615928851
242,2101.545043216962
243,2089.9395655472717
244,2191.702959206746
245,2105.754247348286
246,2014.7573490862676
247,2034.8215320350503
248,2073.5210391569844
249,2119.342785200713
250,1774.7421443215987
251,2099.904109914839
252,2016.0868402453025
253,2089.831451443272
254,2065.178991926701
255,2136.8230075442752
256,2154.7696342747454
257,2086.102755813778
258,2094.2043045906807
259,2078.390525193548
260,1869.746905774863
261,2090.84651333029
262,2057.929011377451
263,2097.17273484746
264,2051.075211283499
265,2041.1709251518837
266,2094.436747775309
267,2112.835306031983
268,2105.4894109638485
269,2069.1365393763717
270,1784.81599826645
271,2046.49262395213
272,2083.5117896635766
273,2064.4443535563664
274,2106.510504041867
275,2080.3462284248208
276,2083.1322856732004
277,2105.235656979881
278,2025.4138035648568
279,2071.6928351561255
280,1904.4766380619317
281,2043.500442454626
282,2123.3074712242988
283,2028.6158829428534
284,2111.944734142629
285,2089.133020685775
286,2094.10294571732
287,2073.6532371885264
288,2107.7380223977784
289,2146.0533908680486
290,1911.9022542760747
291,2051.4883945820197
292,2104.753413243205
293,2061.414790890636
294,2145.838528535052
295,2085.899960607192
296,2088.2804991629137
297,2021.5313279394347
298,2143.563000760371
299,2133.6159524859013
300,1947.1389537577127
301,2166.867428184255
302,2051.4887982350465
303,2037.497529626937
304,2042.1466443113495
305,2014.722457938739
306,2121.073599769161
307,2013.295026534043
308,2029.2321341739164
309,2033.9558796840734
310,2022.0570714842634
311,2062.3633209886857
312,2085.361035253122
313,2054.1117861225744
314,2110.198948343067
315,2057.2825617051417
316,2174.706040346176
317,2089.3678922968843
318,2057.8899825084313
319,2161.134481329415
320,2140.1860090805835
321,2037.642109269956
322,2040.4729232667478
323,2117.024015365459
324,2029.263561446541
325,2174.3532136070503
326,2044.1043137658096
327,2012.2426070473114
328,2008.7091055222656
329,2038.8287895387436
330,2205.2894398258327
331,1987.4447843666826
332,2064.1799984743675
333,2085.7688762383486
334,2012.2231687924514
335,2097.8002318242593
336,1945.0344047418776
337,1994.7720537407952
338,2167.4007026220534
339,2173.72036937265
340,2098.72131961034
341,2217.964531486636
342,2049.0084659036224
343,2172.7941082261714
344,2015.6379268150245
345,2125.839024547334
346,1984.127168994723
347,2104.3458850590882
348,1958.3283915100737
349,1984.5739519993206
350,2297.449715161442
351,2033.5382875920602
352,2083.8152611888568
353,2063.042830805836
354,2145.4810374302765
355,2153.8747741542506
356,2120.0936634924983
357,2051.6549341252844
358,2074.6319708798105
359,2066.6952599823976
360,2255.2683016349474
361,2071.364847173159
362,2035.3744812970833
363,2106.0859483861464
364,1959.9516864381828
365,2082.504620882803
366,2041.2885298448894
367,2059.93996401174
368,2111.306024170652
369,2092.186649215983
370,2111.507936933464
371,2082.2747468599127
372,2036.726860339684
373,2027.7629480978485
374,2079.592999728164
375,2189.265593880422
376,1993.4655379227015
377,2092.108911960133
378,2056.2355618342604
379,2045.7092970734038
380,2085.746328337838
381,2072.309264867142
382,2156.2793173599393
383,2045.5318446600043
384,1996.4176039497781
385,2024.8141804560391
386,2025.3973617111792
387,2126.78311445591
388,2096.4757034204376
389,2122.7577372473597
390,2015.9892008937536
391,2142.9202672673405
392,2157.51389342745
393,2147.5066624343467
394,2079.9557152239895
395,2060.1242923665927
396,2134.2399159018823
397,2156.5937106935753
398,2064.5493942247103
399,2158.1261060729817
400,2002.0700534421476
401,1125.910078413219
402,1105.9841721380042
403,1121.138745691337
404,902.4805930982757
405,1195.9766211150015
406,1083.2014003549916
407,1117.3092045355486
408,1074.606141852979
409,1173.3581365407722
410,1019.176512895739
411,1282.0051638586754
412,1261.3880921756513
413,1243.012658365778
414,1000.7906649922405
415,1228.2525107805607
416,1017.4612411633077
417,1423.744772159312
418,1210.787061342751
419,1088.5237632970136
420,931.5320834046902
421,1220.1586663178107
422,1300.7524480142492
423,1310.131972386443
424,855.1105416645463
425,1291.4590858136191
426,1033.0868963699124
427,1264.8676737715357
428,1061.7985677743732
429,1181.0106925163207
430,907.0240356411192
431,1398.876806117316
432,1143.9658283070364
433,1407.492170447583
434,1068.236921470192
435,1156.206618037891
436,1132.2266376144312
437,1107.0434051802017
438,1233.1384106352646
439,1231.1673253613983
440,979.6936113193293
441,1098.5674194309045
442,1032.5744146488921
443,1289.3404584082152
444,1255.5937968140827
445,1221.5702091905296
446,1345.355240941215
447,1178.0363346823474
448,1201.243654044166
449,1071.3590872338277
450,764.2860187029692
451,1147.729737602248
452,1111.2221753218785
453,1118.5047359566831
454,1365.8583053446062
455,1061.4293603210474
456,1200.03771700673
457,1136.7819577642922
458,1243.2841200657072
459,1232.5579234453328
460,914.6528264857492
461,918.581793760561
462,1322.1352845757688
463,1350.2420670848774
464,1078.7661425133101
465,1299.547279175139
466,1200.7928756834203
467,1115.2156952374364
468,1209.8553836849171
469,1136.0535873162817
470,1025.3890673050973
471,1162.946740605796
472,1181.2515332600524
473,1118.993988245364
474,1167.7048936413082
475,1287.9506609187756
476,1218.135044317949
477,1186.9271498288451
478,1165.2708524238215
479,1137.844729038656
480,1043.9996943449207
481,1042.5904005773632
482,1253.4985129370746
483,1165.568871807729
484,1084.4386117718193
485,1217.653035178966
486,1026.1701613570272
487,1166.3231435514215
488,1044.974807820091
489,1068.56553754558
490,1266.693415331965
491,1069.4666165669075
492,1128.1547088100806
493,1175.2696568187464
494,1002.4008632610444
495,1419.3041525270612
496,1258.8480934232111
497,1167.9333212540437
498,917.0907835866697
499,1249.4437598845066
500,1156.821341448016
501,1187.8233662799173
502,1182.262110609902
503,1063.343717727199
504,927.1609066254133
505,1150.3277713349519
506,1337.2442702368098
507,1146.308842168178
508,987.850682857861
509,1479.1245765587246
510,1133.1099979974767
511,1194.0073229630636
512,1233.4156547188786
513,1091.5926890255566
514,1164.3393229130152
515,1096.1301319923725
516,1146.6530669119966
517,1284.476655516631
518,1258.1969290505754
519,1103.304685497737
520,1224.739870990542
521,1252.1767875674325
522,967.1093171443872
523,1162.1564035893114
524,1336.5322452407654
525,827.0146103077908
526,1118.196306997076
527,1282.798657490923
528,1231.9358507302327
529,1086.613320544786
530,1130.0408336816843
531,1105.701289560161
532,1075.813997115621
533,956.9233143423957
534,1274.4369634473128
535,1211.139440243089
536,1213.566956158991
537,1349.712742021653
538,1067.6823740608772
539,1130.9849298151805
540,973.9743687385344
541,1172.7874108214378
542,1401.682331670762
543,1290.4133633373099
544,1097.2449716552928
545,1242.089447839544
546,1082.1298007284179
547,1094.7852939143245
548,1245.391793627267
549,1284.3714911094708
550,902.7672060573867
551,1014.383923118379
552,1238.9574248529684
553,1223.9789140870562
554,1258.1992726835122
555,1050.531385921526
556,1297.080765646357
557,1218.251031805303
558,1044.7107953328848
559,1195.2960617879469
560,804.5554651124809
561,1284.5905219840733
562,1051.4267991425852
563,1281.53772609091
564,1199.1917888926105
565,1226.549537092228
566,1130.4395292915553
567,1165.9684695559915
568,1176.2128686091307
569,1137.6535500032594
570,848.6606169160515
571,1176.9216078619415
572,1144.8689134996323
573,1207.5433204677172
574,1332.4772954352306
575,1178.9812576494164
576,1030.6783580274405
577,1147.8400182616372
578,1266.8117764147933
579,1064.15248920295
580,1071.937906688064
581,1018.4665297658815
582,1261.7234880437838
583,1145.6947818705555
584,1299.5789761593326
585,1300.5842199287874
586,1183.7477668425113
587,1137.794966606681
588,1141.3289717706043
589,1201.4022439488215
590,927.5337914361359
591,1136.3474321941064
592,1286.1160587513425
593,1225.9311228728286
594,1125.4573544064392
595,976.4931581766959
596,1089.042453477629
597,977.1478373468268
598,1167.897396448368
599,1159.488976421467
600,1019.9049970495738
601,2278.5656533827764
602,2218.206787299134
603,2138.7745564761126
604,2031.1058630512678
605,1735.7072261296362
606,2218.05511515749
607,2223.85038366353
608,3011.2067508218843
609,2558.097285783861
610,2042.7137744477127
611,2043.0380540180827
612,1943.9294733430424
613,2355.6461251957644
614,2005.568590777477
615,2386.0068497666757
616,2278.5941447341706
617,2069.8167769767715
618,2123.838051510129
619,2245.3425774976345
620,2138.9195562350974
621,2218.293769942868
622,2104.1298503878857
623,2505.921322245252
624,2250.4497495894548
625,2146.047897196457
626,2132.6747265623494
627,2013.4266214508468
628,2503.682186889766
629,2140.192331383333
630,2021.1435627570436
631,2277.5613414967697
632,2087.3225194958336
633,2168.6212621851014
634,2686.475904407931
635,2100.3217215222303
636,2112.8515338735183
637,2454.979048473534
638,1926.3430131941577
639,2212.391212388243
640,2205.6226844130806
641,2291.231142984463
642,2366.0030363612145
643,2068.051874022245
644,2376.486156657473
645,2389.0413369503344
646,1782.0565642641309
647,2328.9244134409296
648,2125.879002875719
649,2123.2355204999335
650,1925.6281487847175
651,2146.7525303517273
652,2298.352268372772
653,2521.2373567018176
654,2268.0022255760564
655,1920.1615298432832
656,2382.4128707613427
657,2240.73976355845
658,2724.548756072675
659,2021.8904920759048
660,1759.7483942693104
661,2323.6502037838154
662,2342.919758120579
663,2128.51099495995
664,2068.406315004192
665,2496.736559775676
666,2029.7659062182727
667,2271.963324077836
668,2363.541854621406
669,2404.527042397575
670,2163.265737795311
671,1880.142259918586
672,2203.3583688995272
673,1854.3370999822127
674,2073.540361303977
675,2395.895650248059
676,1885.7410110867254
677,2444.100088069739
678,2052.685021161105
679,2400.290029127595
680,2003.855365640805
681,2198.493635463902
682,2312.7419181021164
683,2162.0977275560545
684,2386.687228842836
685,2391.5381752020094
686,2227.6855954252537
687,1874.9897609979278
688,2315.703115013291
689,1926.920898895618
690,2222.913161903344
691,2323.817558980069
692,2433.857232359612
693,2371.68814265519
694,2264.407669355398
695,2224.2664829068126
696,2160.120962202648
697,2145.321307344453
698,2113.494871601754
699,2546.544530789366
700,2017.720757718818
701,2296.1032497367423
702,2352.094339461369
703,1815.1240518629459
704,2098.587018087221
705,2062.9975294027972
706,2318.484681404426
707,2211.82370377224
708,2208.3189637589403
709,2318.5414539407557
710,2184.7827777428683
711,2170.603960296534
712,2377.0332993976454
713,1932.7138543338137
714,2322.4393205131887
715,2065.588382099731
716,2018.6850497247851
717,2240.4509720915385
718,2461.659102950247
719,2375.363091991007
720,2006.228659265634
721,2472.416621560765
722,2214.9219347578737
723,2342.959661034106
724,2506.3118447673414
725,2205.443118837261
726,2041.6645940303051
727,2364.581092265984
728,2164.5885063059945
729,1852.1155569329903
730,1905.075266098834
731,2263.153165040766
732,2094.967311204791
733,2386.7246275662424
734,1958.926235475314
735,2071.708521935255
736,2294.2624299722315
737,2029.5172292091381
738,2192.946664562093
739,1921.3461601307201
740,2032.1873476875671
741,2565.2292663349963
742,2422.4237702677387
743,2494.549443532227
744,2100.7392217463143
745,2483.9968409837024
746,2296.465985706479
747,1977.686343671534
748,2146.1589374426235
749,2522.534156918563
750,1849.8507027656376
751,2221.231477064531
752,2409.096594387514
753,1953.752056189824
754,2390.102529239642
755,2039.3136338795628
756,1862.5069308452676
757,2245.479116153923
758,2441.432813405032
759,2063.6172408912157
760,2126.551647881725
761,2315.44372983953
762,2028.146338835922
763,2089.236656980778
764,2306.848380508434
765,2318.283461414801
766,2128.1474938827955
767,2423.291777166776
768,2110.3571199765356
769,2338.1716701718424
770,1904.501860533584
771,2413.8825074695055
772,2364.372529721093
773,2212.6229825143487
774,2133.212802099473
775,2385.5042126256562
776,2150.644989165802
777,2305.491456978146
778,1896.048049975403
779,2272.5280942277886
780,1624.9571926880783
781,2358.975002374423
782,2532.3023160271255
783,1918.1541375096197
784,2412.189588401722
785,2173.203593889796
786,1976.722431474181
787,2255.3708604129047
788,2353.2608177253906
789,2042.6102970075715
790,1866.0297265782435
791,2433.0378998750216
792,2317.448717925521
793,2286.3689000957247
794,2015.3816348573478
795,2069.952255024818
796,2351.4013824699537
797,2147.354029852725
798,1822.2051703645568
799,2380.5076917866113
800,1735.234031634301
801,1221.8584075321323
802,1070.080175206929
803,995.8649326469285
804,1088.9176343086015
805,1165.3078251079944
806,1120.3386536468304
807,1145.6297689693442
808,1218.2038262149651
809,1061.0590233080568
810,796.0596408103354
811,1193.7484249475183
812,1301.1201044442955
813,876.7398037900657
814,1112.5441333708768
815,898.6140269210509
816,1108.497101986331
817,1235.0371276169979
818,1118.283472053219
819,1121.0077026417619
820,898.7807283723221
821,1082.77467786527
822,1251.4058004293704
823,1258.1393401570087
824,1152.4509313965154
825,1176.6019829498944
826,1311.4458255750133
827,1189.530844010803
828,1124.841832172632
829,1176.1047705869141
830,892.2101286674729
831,992.4376566319085
832,1187.5620932283282
833,1228.33271630326
834,1231.7622403338107
835,1142.0985750457696
836,1149.465650433653
837,1126.9424131380513
838,1146.7908381218049
839,1189.857069956367
840,800.7007630547425
841,1305.114602702955
842,1173.2945231394756
843,1169.0896434650615
844,1213.745420671687
845,1012.3690304485945
846,1136.8400905753122
847,1212.547004651653
848,1150.6049395944428
849,1151.4410582834453
850,792.1151589673104
851,1234.777190731221
852,1125.9272283660553
853,1168.1510231044763
854,1178.9862431643853
855,981.570395690351
856,1197.2893875799055
857,1165.8084749066702
858,1161.4663516183048
859,1076.3703929682622
860,879.0064549327547
861,992.5606165655566
862,1173.4658268284256
863,1069.1738785829052
864,1101.984611287801
865,1331.2295160708973
866,1265.9802835459957
867,1068.512644063571
868,1168.2909441226755
869,1266.911525389553
870,859.1396023735502
871,1043.7258562173995
872,1196.0806579603745
873,1119.0441694131616
874,1079.5913111350178
875,1024.491484910492
876,1242.5576428161392
877,1233.3309051012322
878,1200.1709474446004
879,1085.3417001560217
880,1075.7957454917323
881,1214.12170882074
882,1184.870624191137
883,1246.3821175431624
884,1062.4965912768498
885,1052.4244168788912
886,1219.26613878439
887,1163.4177317418328
888,1285.2979495333836
889,951.8854438329124
890,1141.3659141259825
891,1099.9327655999589
892,1113.8236546881867
893,1231.5833451857445
894,924.0981155321709
895,1157.1480503520922
896,1094.4494226788534
897,1142.4191033740417
898,1170.5651375546272
899,1166.4917609695806
900,1021.9306810336061
901,970.1421325902711
902,1354.8706353340474
903,1088.1781129166475
904,1091.0135772303786
905,1181.5473699824147
906,1000.4423196020947
907,947.5467059966855
908,1342.0034588885874
909,1300.3333728086636
910,1133.927087681512
911,1326.1751279742602
912,1115.444605974037
913,1220.4498851323963
914,1132.8900398306876
915,1112.7653009904575
916,1204.0091850883896
917,1133.3945880574004
918,1025.2105023066176
919,1046.9283031964646
920,1308.2684026887416
921,965.2693154760725
922,1242.9679231931764
923,1157.9360808680835
924,1306.6215412596707
925,1161.0817217077197
926,1056.254467888026
927,1135.0859837519367
928,813.6919338780955
929,1044.023694970172
930,1201.9415952448562
931,1177.3364680857464
932,1250.6741300930125
933,1031.132913569975
934,1214.3333023781158
935,1227.0793507783262
936,1097.5770969136695
937,968.4812687370008
938,1274.40385637006
939,1143.0657610413666
940,1165.67450937185
941,1112.4089564688766
942,1017.3583035667417
943,1119.5656019918677
944,1265.367615589972
945,1259.0062850604606
946,1250.2788332169757
947,1074.52680040279
948,975.4385722911107
949,1210.7549919239505
950,1119.6078388528797
951,1154.3380140957188
952,1105.7819806528476
953,975.0716587643445
954,1202.4310999813288
955,1035.3017761237015
956,1071.7715370221706
957,899.0237734990071
958,1375.6996856923402
959,1178.4887142102473
960,1038.1424382548284
961,1144.5092635947783
962,1072.4012828160262
963,1286.4964052568578
964,1312.3590360106946
965,1320.6962563301036
966,1078.6979140393664
967,1157.4406178444153
968,1300.7258715454138
969,1096.98135815687
970,998.0367820253609
971,1213.7138390700004
972,1191.8505885406182
973,1156.791221997318
974,1057.407082961832
975,1230.647408198376
976,953.4710113408051
977,1242.1138608823428
978,1026.270876963252
979,1251.155428449015
980,930.3077119320158
981,1122.7011991508912
982,1235.2903690194946
983,1075.7980335501709
984,1350.593616700085
985,1026.072997571647
986,1238.300698674479
987,1148.5823148371385
988,1230.1994894685126
989,1087.3739625125363
990,782.4161905868508
991,1133.5925940386264
992,1161.9503002450747
993,1158.787927206559
994,1244.790507185337
995,1003.861611665185
996,1226.7340299645127
997,1030.815169402421
998,1181.7970517469082
999,1150.47126261162
1000,842.005385566993
1001,648.8928590246181
1002,652.511572688663
1003,658.8759537222082
1004,665.1601210094809
1005,419.6855527808619
1006,798.3895326710434
1007,391.2536549248044
1008,794.0707751034953
1009,575.6816977833247
1010,540.2621043803854
1011,710.9519127146264
1012,787.7720021710751
1013,451.7868182872323
1014,472.7950594180114
1015,649.0487612767598
1016,824.6024559243045
1017,630.8243179185774
1018,844.3027160513963
1019,613.6662762251316
1020,467.3131274270006
1021,875.4250508978101
1022,810.0051962187113
1023,597.4908553972771
1024,605.4914832579649
1025,763.6706410859069
1026,1074.7012720041832
1027,588.4645477589752
1028,635.2052720936026
1029,630.5453613386065
1030,251.42423725485372
1031,329.57487988603015
1032,619.6037181746001
1033,537.009964243444
1034,682.9145081038965
1035,639.4115190539316
1036,551.0989951856035
1037,714.8024985377821
1038,657.3580306719588
1039,684.7465170666677
1040,379.9722316649643
1041,760.0351276216011
1042,701.322922279343
1043,656.1984813018289
1044,609.7090314433477
1045,684.5262050064874
1046,586.3284868208846
1047,598.7666631731563
1048,754.7183329804351
1049,541.251712811193
1050,514.9295902837563
1051,438.79791498709216
1052,761.4074998619715
1053,574.2415238246293
1054,700.0549498775588
1055,749.001447809502
1056,810.8433492305155
1057,802.4427130327648
1058,600.5118846507397
1059,528.8531946524441
1060,413.33836722266784
1061,783.7426199612369
1062,723.8024729448874
1063,590.7361164445398
1064,678.1200953195258
1065,634.534651742546
1066,751.1867566129282
1067,793.1152990202422
1068,637.1437813356366
1069,753.1814329298032
1070,276.22222432042605
1071,764.4487307186204
1072,588.373279955206
1073,697.2054109866959
1074,554.5364269673627
1075,630.0695164078303
1076,696.2403787011577
1077,508.52390584690255
1078,546.687137763405
1079,664.8132673886793
1080,442.24420716815075
1081,692.3212929949735
1082,684.3599099663716
1083,684.5133250744681
1084,612.7921372060831
1085,803.8821762956984
1086,708.5806727827595
1087,722.6483400005501
1088,565.6386145517703
1089,460.81922856358204
1090,426.4975825132954
1091,647.1172577233378
1092,647.2042477810002
1093,689.0959740205946
1094,630.1742099790365
1095,559.6057538325825
1096,568.9548535238243
1097,572.8796448077859
1098,626.0340411788095
1099,748.7058795145924
1100,509.8718717004749
1101,567.7030281166936
1102,668.0628297252108
1103,782.9156175848311
1104,541.1719003198074
1105,917.6421534805454
1106,672.9091027660353
1107,771.7644141103093
1108,821.2566152422414
1109,575.8366341788022
1110,659.4592828758523
1111,598.5220741421516
1112,667.3339688641021
1113,659.6841698126832
1114,618.9269702869773
1115,571.8999716314947
1116,722.9482135664916
1117,591.3923855977642
1118,811.88189318914306
1119,643.9312872146185
1120,331.6620200819226
1121,669.2819852836711
1122,629.4478890899971
1123,691.6347686565182
1124,742.8613314730218
1125,737.2014979321438
1126,596.0942223805192
1127,497.3938535373126
1128,676.2802639879665
1129,568.4419450785196
1130,471.1222182293275
1131,641.1636299352032
1132,441.209562862199
1133,539.315881343959
1134,587.8227702845278
1135,782.8474449868315
1136,500.18204663562045
1137,892.0236410413646
1138,769.2887939535018
1139,813.1683767408716
1140,539.2618624827052
1141,822.3357760744386
1142,828.8668009344414
1143,348.8236069246097
1144,572.8941436761364
1145,743.8351280089267
1146,811.2280809038367
1147,777.4181693916311
1148,669.0883531484321
1149,566.306057105358
1150,328.6378092534918
1151,806.7944330351772
1152,749.8655890881182
1153,544.734957734032
1154,621.1192396536234
1155,631.8781211403615
1156,668.8611484379528
1157,554.7469995588655
1158,677.2411821589947
1159,1050.239543179092
1160,658.9912008992569
1161,144.7728079698441
1162,736.431678202398
1163,920.0623818951249
1164,675.5244996278881
1165,615.186794291741
1166,606.0612282474585
1167,1009.7999954980687
1168,807.1945731779434
1169,603.4241254236414
1170,633.6156427931594
1171,576.7573819346055
1172,457.5771272093812
1173,850.1032425484591
1174,751.7229625394158
1175,788.0176869302132
1176,1258.0919637235904
1177,570.9295219664131
1178,627.8994639949509
1179,948.0227166195515
1180,1194.186640716051
1181,139.19899880389943
1182,675.5405845113552
1183,617.97754320507
1184,1060.628070346518
1185,772.9804280677498
1186,448.56678244122617
1187,751.9924148349119
1188,680.9667723050221
1189,368.9324804596442
1190,329.0634629408914
1191,291.3776496504918
1192,1077.0520931776912
1193,390.80664528624345
1194,485.58624681770607
1195,834.1610834886712
1196,892.1405676462131
1197,773.1748937655266
1198,803.7415267092853
1199,990.6132916566559
1200,1100.4472345533713
1201,1034.947229070334
1202,1040.1120505073177
1203,1175.434345930507
1204,1051.2720395325985
1205,939.242807211767
1206,1033.6970596608876
1207,1039.4585940960726
1208,1023.2895412004436
1209,961.9885631437821
1210,973.3170696167393
1211,931.8605430203258
1212,1029.5916942138913
1213,1023.4911825225719
1214,1085.33603526894
1215,986.250336447606
1216,1167.1082561843452
1217,1037.1564760978786
1218,1029.2887078469803
1219,1123.7734145731736
1220,919.2110626862626
1221,1065.8190058837342
1222,1142.3613049461646
1223,1042.8608574882035
1224,1196.417175338289
1225,1181.7311721939493
1226,1032.4524268373793
1227,1079.9238379822104
1228,1009.5615915527667
1229,1033.2258040754298
1230,854.5664364317335
1231,958.1478724716636
1232,1019.1955780274382
1233,1074.3751566887317
1234,1026.6013158650671
1235,973.9418614593146
1236,1151.5871094562074
1237,1002.5501866269685
1238,1144.8480734796437
1239,1031.4292008145137
1240,784.3148709107121
1241,947.2996364291132
1242,1084.2557419529526
1243,1123.2212656538495
1244,1049.385933544825
1245,1217.0315699318687
1246,1197.4997784371706
1247,1099.7264385216836
1248,1047.0883221456984
1249,1092.0657679071182
1250,886.6045952485196
1251,1069.0390864066317
1252,1192.8036572806577
1253,1001.5558836627191
1254,1041.5702818946227
1255,1033.8720523634088
1256,1031.4554668719975
1257,1017.8567163615103
1258,980.0513745483231
1259,946.4995404472653
1260,787.3369116749184
1261,1134.5801398339856
1262,1109.1667548699186
1263,1099.8262492155452
1264,971.7158160218619
1265,1166.310438952985
1266,1105.0046006956193
1267,1180.7406406700788
1268,1052.202188358043
1269,963.8439642346974
1270,911.7152731570654
1271,981.4493361705252
1272,1057.7032089939917
1273,1195.108706574277
1274,1069.3278803320243
1275,1042.918825467359
1276,1160.2426885884033
1277,1011.8537443351757
1278,1031.6069628204214
1279,1160.8418059302878
1280,941.9696650523705
1281,1092.4522470049444
1282,896.0171397993912
1283,1176.0970662454706
1284,1163.2590094540772
1285,933.6522565475677
1286,1081.2687960660646
1287,1092.386918182417
1288,919.3784576957747
1289,995.8905729116439
1290,1044.479792594947
1291,1047.8933290306577
1292,1120.7893439149525
1293,941.6625970409223
1294,1006.8015478889292
1295,1257.5872431891844
1296,1125.9380908832932
1297,965.3916990956576
1298,986.2814374078333
1299,1054.6160858307237
1300,972.5820742662191
1301,950.8566255049874
1302,1200.6246178062847
1303,1116.1146144274228
1304,1155.12678344016
1305,999.7150647873032
1306,1064.4409511649287
1307,887.8345275914018
1308,1086.8689807761186
1309,1118.3756099790785
1310,1011.3231912870484
1311,1038.397574185765
1312,983.578094121198
1313,1052.7757763385114
1314,1179.401910073408
1315,1077.681636910138
1316,1067.2511524470333
1317,1059.11964429538
1318,1058.7987741346424
1319,1054.8589443031428
1320,1122.6473113151164
1321,896.4785618546381
1322,1176.5667883490678
1323,1079.8285492473306
1324,1131.1832947583014
1325,1260.7600590705276
1326,1072.2053812274355
1327,974.9120944773383
1328,1022.8022745279472
1329,1003.9382333921391
1330,1169.0551428243054
1331,997.6070941157604
1332,814.9497108005415
1333,1133.4339040135214
1334,853.6426964303778
1335,1124.1942257488079
1336,1011.8053591745365
1337,1036.4889936709064
1338,1135.2745956411839
1339,1214.5273121906296
1340,1282.1452602999018
1341,994.9882309149874
1342,1087.2558518557137
1343,1100.223446477984
1344,1084.6811797675834
1345,1188.1974429285476
1346,1243.5162273893425
1347,1015.9208093731461
1348,919.5176080405433
1349,1216.923019137362
1350,1228.4862611399067
1351,961.127350658799
1352,890.3900628622268
1353,1081.9245115420717
1354,946.2574565795086
1355,1021.7548259049928
1356,846.2076550273648
1357,1122.198625015953
1358,1302.7419527245627
1359,1058.3644542234922
1360,1206.2235123984774
1361,1077.7960503463082
1362,1247.0722260591515
1363,1012.7816619351411
1364,903.7220265458592
1365,998.9303147841861
1366,918.4258307261159
1367,976.0276819190533
1368,1036.600083946011
1369,1234.4440056619362
1370,1231.9170376877917
1371,1002.527672556389
1372,1026.787871785426
1373,1070.255897199906
1374,997.8444855178816
1375,1024.9604148675444
1376,955.1028316536455
1377,1050.985529529328
1378,1170.1016520848452
1379,1124.1466465805602
1380,1061.8818837836254
1381,1216.25176772373
1382,1229.4591574423723
1383,738.5092570903475
1384,1129.430046852987
1385,1061.091079028279
1386,895.0929441890322
1387,1330.7419315914399
1388,1069.6624844829767
1389,1000.9253091052941
1390,1134.8560585248397
1391,1196.9189298296262
1392,1054.2186386051014
1393,1063.1578303752779
1394,1170.4401793628883
1395,1097.066917958797
1396,1150.2688236998786
1397,1078.2898268744084
1398,1025.062019188937
1399,1023.5827475944807
1400,952.8993622088436