analysis_id,qc_type,batch_id,Cer d18:1/24:0,PC 32:1,PC 40:8
Longit_BLANK-01 (Eluent A),SBLK,1,0.189016968,0.16675832017486175,0.002642768
Longit_B-ISTD 01 Extr,PBLK,1,5.2609374904065174e-5,7.114064617032985e-5,3.072987878026199e-6
Longit_Un-ISTD 01 Unextr,UBLK,1,5.873465197591431e-5,4.524580830801128e-5,5.082927161401657e-8
Longit_LTR 01,LTR,1,18.284184484821594,0.039475246,0.002298627
Longit_TQC-10%,RQC,1,0.005982142,0.047261323,0.002333795
Longit_TQC-20%,RQC,1,0.006513996,0.04876891,0.003050363
Longit_TQC-40%,RQC,1,0.005479854,0.05916769,0.003829368
Longit_TQC-60%,RQC,1,0.006714801,0.041629436155500035,0.002746568
Longit_TQC-80%,RQC,1,0.006991466,0.049629947219360135,0.004404349
Longit_TQC-100%,RQC,1,0.006919965,0.049337743,0.003922642
Longit_batch1_TQC01,TQC,1,0.007859556,0.060076005614899106,0.005128713
Longit_batch1_TQC02,TQC,1,0.008004169,0.055507617,0.004684123
Longit_batch1_PQC 01,BQC,1,0.010921086818924631,0.050697704,0.006817716
Longit_batch1_PQC 02,BQC,1,0.008998824,0.073800778,0.006340787
Longit_batch1_1,SPL,1,0.004694038,0.04526,0.003045072
Longit_batch1_2,SPL,1,0.007073931,0.04568106,0.003888896
Longit_batch1_3,SPL,1,0.006520256,0.051691481,0.005256656
Longit_batch1_4,SPL,1,0.00644322,0.048836598,0.006261901
Longit_batch1_5,SPL,1,0.008529487,0.048437675,0.007549332
Longit_batch1_TQC03,TQC,1,0.006684671,0.062846667,0.004087736
Longit_batch1_6,SPL,1,0.007585545,0.073673222,0.008340634
Longit_batch1_7,SPL,1,0.008923735,0.049397251,0.003353312
Longit_batch1_8,SPL,1,0.00816876,0.059967701665126036,0.006249269
Longit_batch1_9,SPL,1,0.008216992,0.047666873314572575,0.004053534
Longit_batch1_10,SPL,1,0.006506814,0.042345916,0.004316501
Longit_batch1_PQC 03,BQC,1,0.008375325,0.061366774,0.006459831
Longit_batch1_11,SPL,1,0.005146239,0.042953194,0.004427852
Longit_batch1_12,SPL,1,0.008684445,0.040955890416842694,0.004181959
Longit_batch1_13,SPL,1,0.005151056,0.049354415,0.004988794
Longit_batch1_14,SPL,1,0.00736153,0.061098015,0.006693406
Longit_batch1_15,SPL,1,0.004842828,0.051062104,0.004581482
Longit_batch1_TQC04,TQC,1,0.006322947,0.051561934843613655,0.004787182
Longit_batch1_16,SPL,1,0.003887731,0.04140145,0.003805801
Longit_batch1_17,SPL,1,0.005490841,0.038443816465696515,0.005006255
Longit_batch1_18,SPL,1,0.006804272,0.042169190990895944,0.005265206
Longit_batch1_19,SPL,1,0.006621255,0.073920873,0.006643514
Longit_batch1_20,SPL,1,0.006489194,0.041462144,0.002787539
Longit_batch1_PQC 04,BQC,1,0.010577192,0.069295011,0.007662218
Longit_batch1_21,SPL,1,0.00868096,0.05474436,0.004192545
Longit_batch1_22,SPL,1,0.006711045,0.052620966,0.00525355
Longit_batch1_23,SPL,1,0.009299993,0.065669665,0.008976395
Longit_batch1_24,SPL,1,0.007108965,0.050222483995602175,0.005639167
Longit_batch1_25,SPL,1,0.00696766,0.064755183,0.003515676
Longit_batch1_TQC05,TQC,1,0.006549388,0.044447755,0.004386393
Longit_batch1_26,SPL,1,0.006740659,0.035527137,0.004427996
Longit_batch1_27,SPL,1,0.009439314,0.045343147909459945,0.00612393
Longit_batch1_28,SPL,1,0.007160381,0.051770165,0.005407955
Longit_batch1_29,SPL,1,0.005532697,0.044799952,0.007482245
Longit_batch1_30,SPL,1,0.008447979,0.056090114,0.008758687
Longit_batch1_PQC 05,BQC,1,0.008455352,0.057872455028197566,0.006251494
Longit_batch1_31,SPL,1,0.009285712,0.061275434,0.005048098
Longit_batch1_32,SPL,1,0.005737532,0.040862236,0.005240504
Longit_batch1_33,SPL,1,0.00469822,0.04512357,0.003888168
Longit_batch1_34,SPL,1,0.004095999,0.034856861081962814,0.004128481
Longit_batch1_35,SPL,1,0.007242017,0.060752449,0.007806626
Longit_batch1_TQC06,TQC,1,0.005655591,0.063647292,0.004603542
Longit_batch1_36,SPL,1,0.010098365943475709,0.040948897,0.005101908
Longit_batch1_37,SPL,1,0.006961461,0.082472895,0.006638224
Longit_batch1_38,SPL,1,0.008030326,0.039899025,0.00465998
Longit_batch1_39,SPL,1,0.007501252,0.056461589,0.007963347
Longit_batch1_40,SPL,1,0.008398711,0.045180928,0.006911252
Longit_batch1_PQC 06,BQC,1,0.008981563,0.06838346,0.006260803
Longit_batch1_41,SPL,1,0.00969667,0.038984976744428475,0.006325894
Longit_batch1_42,SPL,1,0.005473632,0.034866563,0.005073707
Longit_batch1_43,SPL,1,0.0070547,0.063090691,0.004644644
Longit_batch1_44,SPL,1,0.007480772,0.057849816,0.003232963
Longit_batch1_45,SPL,1,0.007446297,0.085901296,0.004500661
Longit_batch1_TQC07,TQC,1,0.007283102,0.065868411,0.004743472
Longit_batch1_46,SPL,1,0.0048959,0.039676174,0.006114238
Longit_batch1_47,SPL,1,0.00679182,0.041965356,0.005270804
Longit_batch1_48,SPL,1,0.009892505,0.073343284,0.005522147
Longit_batch1_49,SPL,1,0.009957444,0.074309361,0.005586801
Longit_batch1_50,SPL,1,0.007442214,0.069900649,0.006756456
Longit_batch1_PQC 07,BQC,1,0.009353312,0.072044493,0.007954793
Longit_batch1_51,SPL,1,0.004845839,0.032895318,0.002675096
Longit_batch1_52,SPL,1,0.008502485,0.039908661495617226,0.005543622
Longit_batch1_53,SPL,1,0.006645764,0.039105898,0.003930023
Longit_batch1_54,SPL,1,0.006058715,0.037163288535726854,0.005919358
Longit_batch1_55,SPL,1,0.005752877,0.041574451,0.004916612
Longit_batch1_TQC08,TQC,1,0.006380775,0.065869222,0.004038916
Longit_batch1_56,SPL,1,0.005738461,0.043567152939459744,0.004855614
Longit_batch1_57,SPL,1,0.010300698373323714,0.045560296,0.007000827
Longit_batch1_58,SPL,1,0.010571034878521622,0.052927031,0.007430599
Longit_batch1_59,SPL,1,0.007381669,0.040634020086273495,0.005187235
Longit_batch1_60,SPL,1,0.009728837,0.055457174,0.004671995
Longit_batch1_PQC 08,BQC,1,0.006914143,0.067539999,0.006490486
Longit_batch1_61,SPL,1,0.008522017,0.086615541,0.006490296
Longit_batch1_62,SPL,1,0.00548387,0.030639893983982036,0.002813046
Longit_batch1_63,SPL,1,0.008609236,0.049597519,0.005111653
Longit_batch1_64,SPL,1,0.007954332,0.064243199,0.006118479
Longit_batch1_65,SPL,1,0.008976782,0.059427571848239616,0.006946372
Longit_batch1_PQC 09,BQC,1,0.010796824,0.057216386960943735,0.006349602
Longit_batch1_PQC 09b,BQC,1,0.009359482,0.063752037,0.006407644
Longit_BLANK-02 (Eluent A),SBLK,1,0.035625121,0.15595752035358057,0.002861196
Longit_batch2_TQC09,TQC,2,0.007187828,0.052030405,0.004076351
Longit_batch2_TQC10,TQC,2,0.007641472,0.059040998,0.00538728
Longit_batch2_PQC 10,BQC,2,0.008631944,0.048452887853198304,0.005053452
Longit_batch2_PQC 11,BQC,2,0.008413295,0.049977264,0.006080751
Longit_batch2_1,SPL,2,0.010041713309907588,0.046826793,0.006583037
Longit_batch2_2,SPL,2,0.009881916,0.048538115416904684,0.00327314
Longit_batch2_3,SPL,2,0.005938033,0.032574730033627916,0.003386165
Longit_batch2_4,SPL,2,0.005008107,0.032402379,0.003247404
Longit_batch2_5,SPL,2,0.004339194,0.041282054109360575,0.004114994
Longit_batch2_6,SPL,2,0.007049946,0.048851432,0.005007985
Longit_batch2_7,SPL,2,0.010264461106075673,0.068251017,0.004530307
Longit_batch2_8,SPL,2,0.007222519,0.047573512717401754,0.005693594
Longit_batch2_9,SPL,2,0.008205998,0.047137742588111896,0.004199803
Longit_batch2_10,SPL,2,0.008841536,0.073329307,0.008465389
Longit_batch2_PQC 12,BQC,2,0.008931634,0.051696471,0.005570879
Longit_batch2_11,SPL,2,0.005900917,0.039091078,0.005274477
Longit_batch2_12,SPL,2,0.006639469,0.047972825705897185,0.003791783
Longit_batch2_13,SPL,2,0.009541791,0.048509714574320364,0.006198433
Longit_batch2_14,SPL,2,0.013230249458358817,0.082043221,0.008957099
Longit_batch2_15,SPL,2,0.006753184,0.047177188709366775,0.003974393
Longit_batch2_16,SPL,2,0.009316082,0.052228796,0.005503788
Longit_batch2_17,SPL,2,0.008118535,0.059785943,0.006530855
Longit_batch2_18,SPL,2,0.0099524,0.054382496942861444,0.003841901
Longit_batch2_19,SPL,2,0.009500273,0.044588820845341215,0.005163575
Longit_batch2_20,SPL,2,0.005482966,0.040466994,0.004076767
Longit_batch2_PQC 13,BQC,2,0.010527165,0.03927751,0.004126507
Longit_batch2_21,SPL,2,0.007421401,0.044133405432260846,0.005508241
Longit_batch2_22,SPL,2,0.009176683,0.066689131,0.008570338
Longit_batch2_23,SPL,2,0.007257673,0.043159259,0.002668865
Longit_batch2_24,SPL,2,0.008673433,0.078812213,0.006095329
Longit_batch2_25,SPL,2,0.006750593,0.046367525,0.004726576
Longit_batch2_TQC13,TQC,2,0.007089182,0.045041300082332196,0.003890346
Longit_batch2_26,SPL,2,0.008081621,0.051060922,0.004797828
Longit_batch2_27,SPL,2,0.009190535,0.069262957,0.005535711
Longit_batch2_28,SPL,2,0.011281485416110166,0.044465222,0.004213607
Longit_batch2_29,SPL,2,0.005803152,0.076503659,0.00513904
Longit_batch2_30,SPL,2,0.008578972,0.049994504,0.00318029
Longit_batch2_PQC 14,BQC,2,0.009144127,0.051090457,0.004776084
Longit_batch2_31,SPL,2,0.005396448,0.047358085,0.004566845
Longit_batch2_32,SPL,2,0.011889782977340137,0.050476867,0.007799565
Longit_batch2_33,SPL,2,0.007835116,0.066518728,0.005674612
Longit_batch2_34,SPL,2,0.005656485,0.031624176,0.002395356
Longit_batch2_35,SPL,2,0.015850845,0.073821365,0.007164353
Longit_batch2_TQC14,TQC,2,0.006943789,0.050557675161970836,0.004053879
Longit_batch2_36,SPL,2,0.007417758,0.073368426,0.005813109
Longit_batch2_37,SPL,2,0.009214005,0.079224136,0.007634455
Longit_batch2_38,SPL,2,0.010355798834425984,0.048305063,0.004833008
Longit_batch2_39,SPL,2,0.009980279,0.033171917,0.004255099
Longit_batch2_40,SPL,2,0.011726679296805962,0.093961032,0.005158299
Longit_batch2_PQC 15,BQC,2,0.009651767,0.047800722852145414,0.004979934
Longit_batch2_41,SPL,2,0.010591945,0.048239533,0.003773143
Longit_batch2_42,SPL,2,0.009951277,0.050971110781992526,0.003017478
Longit_batch2_43,SPL,2,0.00884202,0.046705397,0.003287289
Longit_batch2_44,SPL,2,0.011003485320936698,0.076770224,0.003012442
Longit_batch2_45,SPL,2,0.009125604,0.051431741394792244,0.002327029
Longit_batch2_TQC15,TQC,2,0.008841374,0.055733251,0.003669257
Longit_batch2_46,SPL,2,0.011273091193399566,0.051918941,0.003891798
Longit_batch2_47,SPL,2,0.010835621533355242,0.061838669512742764,0.002958652
Longit_batch2_48,SPL,2,0.010588207481976407,0.044262325,0.001810616
Longit_batch2_49,SPL,2,0.012420453169193001,0.056628292,0.003094678
Longit_batch2_50,SPL,2,0.012019971193305922,0.058060989205002876,0.003528754
Longit_batch2_PQC 16,BQC,2,0.009186451,0.052680966779497664,0.004963603
Longit_batch2_51,SPL,2,0.011755700977218581,0.037715726,0.004558733
Longit_batch2_52,SPL,2,0.008579515,0.055905118322493876,0.004559529
Longit_batch2_53,SPL,2,0.011669715379583738,0.037194246,0.00280019
Longit_batch2_54,SPL,2,0.007366823,0.040401884,0.001329535
Longit_batch2_55,SPL,2,0.007639692,0.054781821378006336,0.00409499
Longit_batch2_TQC16,TQC,2,0.009798245,0.044103743,0.002603985
Longit_batch2_56,SPL,2,0.008084531,0.04290126,0.003627659
Longit_batch2_57,SPL,2,0.013244963,0.051579511,0.001969761
Longit_batch2_58,SPL,2,0.019067025240929562,0.068435567,0.003815979
Longit_batch2_59,SPL,2,0.017773878669653125,0.09741176,0.00537538
Longit_batch2_60,SPL,2,0.00750571,0.025731708151084432,0.002061164
Longit_batch2_PQC 17,BQC,2,0.014252613334626237,0.057561216,0.003654149
Longit_batch2_61,SPL,2,0.013328105898450357,0.048079145997408965,0.002368029
Longit_batch2_62,SPL,2,0.005735471,0.039534194,0.002301485
Longit_batch2_63,SPL,2,0.007590896,0.030417066448394574,0.002401957
Longit_batch2_64,SPL,2,0.013951309165260686,0.050415962987485366,0.002205944
Longit_batch2_65,SPL,2,0.010519416195525587,0.074631586,0.003263392
Longit_batch2_PQC 18,BQC,2,0.013303922747863507,0.047664353,0.003171762
Longit_batch2_PQC 18b,BQC,2,0.011891435,0.063092055,0.003701428
Longit_BLANK-03 (Eluent A),SBLK,3,0.033790281,0.099252551,7.386558439807338e-5
Longit_batch3_PQC 19,BQC,3,0.011644758818427173,0.067464011,0.004378899
Longit_batch3_PQC 20,BQC,3,0.013200366942951472,0.066033838,0.004000598
Longit_batch3_1,SPL,3,0.018756162,0.046942204267384775,0.003511327
Longit_batch3_2,SPL,3,0.014000224058804253,0.055008343,0.002886078
Longit_batch3_3,SPL,3,0.014306474872598948,0.058442149,0.002340645
Longit_batch3_4,SPL,3,0.011755031563347678,0.034544163446239444,0.001947238
Longit_batch3_5,SPL,3,0.008806989,0.035203525,0.0021611
Longit_batch3_TQC19,TQC,3,0.012117493295803281,0.043165296447659554,0.002392368
Longit_batch3_6,SPL,3,0.015381018735642103,0.074851009,0.003326603
Longit_batch3_7,SPL,3,0.017412455445256245,0.065846588,0.00377579
Longit_batch3_8,SPL,3,0.012172798584162526,0.074382351,0.00165069
Longit_batch3_9,SPL,3,0.014812156257334282,0.041159749,0.001872174
Longit_batch3_10,SPL,3,0.008472216,0.065110616,0.00441289
Longit_batch3_PQC 21,BQC,3,0.013197818321445945,0.041363764843797765,0.002609896
Longit_batch3_11,SPL,3,0.009016532,0.042372157305596396,0.0021447
Longit_batch3_12,SPL,3,0.014065562693577647,0.038001586,0.002046904
Longit_batch3_13,SPL,3,0.008023993,0.041149216,0.003222892
Longit_batch3_14,SPL,3,0.010255554012895475,0.04828778,0.002789352
Longit_batch3_15,SPL,3,0.014517378878808856,0.056545933,0.002360628
Longit_batch3_TQC20,TQC,3,0.010435499543896876,0.044484927260777345,0.002206437
Longit_batch3_16,SPL,3,0.014311872813646969,0.060988356,0.002578474
Longit_batch3_17,SPL,3,0.011206430374236617,0.038055000805833274,0.002575815
Longit_batch3_18,SPL,3,0.012192324510790213,0.059663497,0.002542474
Longit_batch3_19,SPL,3,0.007193874,0.040574255089760466,0.002185269
Longit_batch3_20,SPL,3,0.010095805015243518,0.045690394,0.00366069
Longit_batch3_PQC 22,BQC,3,0.011817710515760659,0.048580324831437094,0.003177775
Longit_batch3_21,SPL,3,0.017175012,0.037107705,0.002502015
Longit_batch3_22,SPL,3,0.008976812,0.026417503665175618,0.002237575
Longit_batch3_23,SPL,3,0.011022929,0.048952433,0.002513175
Longit_batch3_24,SPL,3,0.013240950535659083,0.050163046563585965,0.002674562
Longit_batch3_25,SPL,3,0.013558409276913517,0.064143112,0.00204289
Longit_batch3_TQC21,TQC,3,0.011404708751864286,0.059809014,0.002857915
Longit_batch3_26,SPL,3,0.009370772,0.049371732,0.002216361
Longit_batch3_27,SPL,3,0.007829619,0.04407104,0.003357907
Longit_batch3_28,SPL,3,0.012485182138099283,0.061985868,0.002534884
Longit_batch3_29,SPL,3,0.017503927,0.039445462,0.003490353
Longit_batch3_30,SPL,3,0.015425049674843972,0.054434220844466086,0.003066931
Longit_batch3_PQC 23,BQC,3,0.012464977200809947,0.054151385,0.00326276
Longit_batch3_31,SPL,3,0.012122112,0.058743622,0.001922401
Longit_batch3_32,SPL,3,0.006992143,0.036036817,0.003572153
Longit_batch3_33,SPL,3,0.009702349,0.055474552,0.003355616
Longit_batch3_34,SPL,3,0.014854579,0.061737106,0.002823147
Longit_batch3_35,SPL,3,0.012248296864056688,0.040081403601099616,0.001999114
Longit_batch3_TQC22,TQC,3,0.011734790777687385,0.057639049,0.002992689
Longit_batch3_36,SPL,3,0.018580178347269723,0.053031710639069064,0.002960407
Longit_batch3_37,SPL,3,0.013807055758973999,0.065096931,0.002642999
Longit_batch3_38,SPL,3,0.016439415143540467,0.037799965,0.001908672
Longit_batch3_39,SPL,3,0.015475398788426655,0.031226714,0.002328217
Longit_batch3_40,SPL,3,0.010384446,0.045181957,0.002866996
Longit_batch3_PQC 24,BQC,3,0.013023617784047214,0.057039667248953284,0.003262418
Longit_batch3_41,SPL,3,0.018441374100066698,0.053684024,0.003378194
Longit_batch3_42,SPL,3,0.010158258796834276,0.053297148,0.003237097
Longit_batch3_43,SPL,3,0.007845559,0.051405071,0.002990162
Longit_batch3_44,SPL,3,0.008927618,0.033176711,0.001520327
Longit_batch3_45,SPL,3,0.013406210402671953,0.059232957,0.002826447
Longit_batch3_TQC23,TQC,3,0.010497437501275268,0.043898851,0.002300519
Longit_batch3_46,SPL,3,0.009558608,0.041741451,0.003201057
Longit_batch3_47,SPL,3,0.007640356,0.039564982,0.002259425
Longit_batch3_48,SPL,3,0.009761134,0.040176659,0.002638656
Longit_batch3_49,SPL,3,0.014945205,0.055428520289523574,0.003105799
Longit_batch3_50,SPL,3,0.014203498859485042,0.036566854797605776,0.002138094
Longit_batch3_PQC 25,BQC,3,0.013479166175734431,0.060727171,0.003130751
Longit_batch3_51,SPL,3,0.016421690350328828,0.041853254,0.002203964
Longit_batch3_52,SPL,3,0.012407367042514664,0.037681720063261676,0.001449747
Longit_batch3_53,SPL,3,0.013080088559975254,0.043637993,0.002195771
Longit_batch3_54,SPL,3,0.013120931269864734,0.047162186,0.002863603
Longit_batch3_55,SPL,3,0.013482744380659445,0.031170835532226084,0.001680184
Longit_batch3_TQC24,TQC,3,0.012292155649219922,0.043098287215102435,0.002381419
Longit_batch3_56,SPL,3,0.009287085,0.038424251,0.001505632
Longit_batch3_57,SPL,3,0.013461315726027318,0.044502451923170226,0.003056381
Longit_batch3_58,SPL,3,0.013357512844312063,0.045241372,0.001796257
Longit_batch3_59,SPL,3,0.012999722742028538,0.093522864,0.002424541
Longit_batch3_60,SPL,3,0.009671028,0.041105472,0.001832411
Longit_batch3_PQC 26,BQC,3,0.011603272,0.052897834,0.003456832
Longit_batch3_61,SPL,3,0.009438007,0.048587706,0.002170355
Longit_batch3_62,SPL,3,0.011376816746115539,0.040439811,0.001765338
Longit_batch3_63,SPL,3,0.017641270564792165,0.050572912,0.003492295
Longit_batch3_64,SPL,3,0.008455505,0.043654272,0.003371491
Longit_batch3_65,SPL,3,0.017711826611478663,0.044217982,0.002805708
Longit_batch3_PQC 27,BQC,3,0.014368139557168863,0.057224572,0.003460015
Longit_batch3_PQC 27b,BQC,3,0.013291917658250847,0.055714497,0.003338122
Longit_batch3_LTR 01,LTR,3,6.6225007277060115,0.045059497,0.001715058
Longit_BLANK-04 (Eluent A),SBLK,4,0.17851211221172403,0.21778155193846405,0.010300179551753838
Longit_batch4_PQC 28,BQC,4,0.015029578291532166,0.071682196,0.00421821
Longit_batch4_PQC 29,BQC,4,0.014778045922365238,0.052073737987936006,0.003117374
Longit_batch4_1,SPL,4,0.011208445506015647,0.032742766225730496,0.001332056
Longit_batch4_2,SPL,4,0.013540142753816264,0.047738913,0.002177506
Longit_batch4_3,SPL,4,0.010628639889066673,0.043674227,0.002640938
Longit_batch4_4,SPL,4,0.008494499,0.054904647547480846,0.003667637
Longit_batch4_5,SPL,4,0.009751979,0.066214989,0.003518351
Longit_batch4_TQC27,TQC,4,0.012101798082350798,0.050281117295715286,0.002730099
Longit_batch4_6,SPL,4,0.008134106,0.031024886990637122,0.002943534
Longit_batch4_7,SPL,4,0.012867010222090594,0.048883625,0.002643245
Longit_batch4_8,SPL,4,0.009900189,0.037017511,0.003929898
Longit_batch4_9,SPL,4,0.013810216518116925,0.098685336,0.006508023
Longit_batch4_10,SPL,4,0.014440241956793064,0.046831207,0.003189441
Longit_batch4_PQC 30,BQC,4,0.015240989083140524,0.062364475,0.003580993
Longit_batch4_11,SPL,4,0.012428042,0.050036047,0.002838527
Longit_batch4_12,SPL,4,0.010010485453573284,0.047483305,0.002433394
Longit_batch4_13,SPL,4,0.008879435,0.042715219,0.001809791
Longit_batch4_14,SPL,4,0.011234472341318438,0.054115202,0.002283295
Longit_batch4_15,SPL,4,0.009773635,0.037207628,0.002034525
Longit_batch4_TQC28,TQC,4,0.010691711677189712,0.045566308,0.002276317
Longit_batch4_16,SPL,4,0.009311519,0.046297171,0.002273552
Longit_batch4_17,SPL,4,0.013384708079769405,0.036613599,0.003497672
Longit_batch4_18,SPL,4,0.014369314746470404,0.032222003,0.001217249
Longit_batch4_19,SPL,4,0.010294906634633304,0.044474416,0.001814356
Longit_batch4_20,SPL,4,0.00829776,0.037144987,0.001742408
Longit_batch4_PQC 31,BQC,4,0.014076112420865644,0.051564906671412426,0.002998814
Longit_batch4_21,SPL,4,0.015678202009249183,0.056872368,0.004321266
Longit_batch4_22,SPL,4,0.006499941,0.031509881009234623,0.002548805
Longit_batch4_23,SPL,4,0.016961011556630004,0.045968625,0.002848341
Longit_batch4_24,SPL,4,0.012975651761321344,0.043057636845884165,0.002380778
Longit_batch4_25,SPL,4,0.014425853133784416,0.089958395,0.005347638
Longit_batch4_TQC29,TQC,4,0.011085012230491586,0.046049142253113094,0.00224194
Longit_batch4_26,SPL,4,0.016418787782424733,0.058056118261401425,0.005093138
Longit_batch4_27,SPL,4,0.014863481931530548,0.037118628,0.002998082
Longit_batch4_28,SPL,4,0.00909148,0.025739779677823104,0.0013582
Longit_batch4_29,SPL,4,0.009369656,0.039610089,0.003073491
Longit_batch4_30,SPL,4,0.013766322020938592,0.041790964,0.003188396
Longit_batch4_PQC 32,BQC,4,0.015573206,0.065134736,0.004060156
Longit_batch4_31,SPL,4,0.009025413,0.041126781,0.00252116
Longit_batch4_32,SPL,4,0.011911107516512452,0.05079241,0.002564369
Longit_batch4_33,SPL,4,0.011814367,0.048145450846607936,0.004296012
Longit_batch4_34,SPL,4,0.013457397960028905,0.046375917,0.002705483
Longit_batch4_35,SPL,4,0.010257064861793974,0.069757181,0.004479273
Longit_batch4_TQC30,TQC,4,0.010484520519884096,0.040601672893386884,0.002236496
Longit_batch4_36,SPL,4,0.010643014910875584,0.060989861549478275,0.002224783
Longit_batch4_37,SPL,4,0.012650016830527518,0.043599339,0.003453625
Longit_batch4_38,SPL,4,0.013367571191711692,0.047746805317384886,0.002884155
Longit_batch4_39,SPL,4,0.012594336002662743,0.030570423718741697,0.001080796
Longit_batch4_40,SPL,4,0.010606942624981058,0.038211108,0.001277291
Longit_batch4_PQC 33,BQC,4,0.014760393,0.054242057,0.003361533
Longit_batch4_41,SPL,4,0.012892050694446941,0.035663284,0.003837839
Longit_batch4_42,SPL,4,0.009362297,0.044624757928528686,0.002029744
Longit_batch4_43,SPL,4,0.009378027,0.046568871,0.003763015
Longit_batch4_44,SPL,4,0.014948358744219162,0.047533551541694787,0.003369558
Longit_batch4_45,TQC,4,0.009164764,0.035207811,0.001822879
Longit_batch4_TQC31,TQC,4,0.010679915885886404,0.056171909,0.002493525
Longit_batch4_46,SPL,4,0.012463954595789037,0.073872101,0.004767333
Longit_batch4_47,SPL,4,0.011393489,0.062837275,0.004889544
Longit_batch4_48,SPL,4,0.009448237,0.054079581,0.003576714
Longit_batch4_49,SPL,4,0.007586216,0.029441078,0.003215271
Longit_batch4_50,SPL,4,0.007358971,0.033040124,0.002513946
Longit_batch4_PQC 34,BQC,4,0.011398888598600278,0.043495575,0.003295318
Longit_batch4_51,SPL,4,0.005934316,0.029668820913293776,0.003343823
Longit_batch4_52,SPL,4,0.013655743,0.03924112,0.003199841
Longit_batch4_53,SPL,4,0.006444572,0.040855309,0.005339
Longit_batch4_54,SPL,4,0.01326803,0.046347829,0.001986608
Longit_batch4_55,SPL,4,0.010206239593540119,0.051941060619951206,0.003741624
Longit_batch4_TQC32,TQC,4,0.010597186477438273,0.050240587,0.0028348
Longit_batch4_56,SPL,4,0.00665391,0.032033367,0.003137752
Longit_batch4_57,SPL,4,0.014055395681718801,0.057708099793416255,0.003390159
Longit_batch4_58,SPL,4,0.015241322460899601,0.052785587625485506,0.004060675
Longit_batch4_59,SPL,4,0.008232537,0.036211599,0.002684335
Longit_batch4_60,SPL,4,0.008085888,0.040925485,0.00392037
Longit_batch4_PQC 35,BQC,4,0.011028665988355115,0.056365332,0.004522417
Longit_batch4_61,SPL,4,0.006883469,0.026641799,0.001085888
Longit_batch4_62,SPL,4,0.011441375502779867,0.043244813,0.004413372
Longit_batch4_63,SPL,4,0.007950814,0.037191607,0.003268097
Longit_batch4_64,SPL,4,0.010708486776418774,0.046648495832666705,0.003901827
Longit_batch4_65,SPL,4,0.013820155074219909,0.065078893,0.006693048
Longit_batch4_PQC 36,BQC,4,0.013297166,0.053746300615064094,0.004353325
Longit_batch4_PQC 36b,BQC,4,0.009990191,0.045229811,0.003856265
Longit_BLANK-05 (Eluent A),SBLK,5,0.5415066045780976,0.13152824496063215,1.521506081277679e-4
Longit_batch5_PQC 37,BQC,5,0.013000929983341004,0.033825278,0.002576919
Longit_batch5_PQC 38,BQC,5,0.011990546066942564,0.050226007,0.003298812
Longit_batch5_1,SPL,5,0.014457773526192397,0.063356939,0.003724355
Longit_batch5_2,SPL,5,0.010248256562483592,0.081043776,0.002831891
Longit_batch5_3,SPL,5,0.009308667,0.040728318,0.002237381
Longit_batch5_4,SPL,5,0.008531226,0.057473176939754754,0.002095997
Longit_batch5_5,SPL,5,0.00730533,0.045629293,0.002869074
Longit_batch5_6,SPL,5,0.016227077793666025,0.084620321,0.005287938
Longit_batch5_7,SPL,5,0.007312956,0.057884299,0.002371946
Longit_batch5_8,SPL,5,0.009470035,0.069606116,0.002153995
Longit_batch5_9,SPL,5,0.016889985634307873,0.053733892,0.003992317
Longit_batch5_10,SPL,5,0.015419346644882356,0.046594855634187395,0.002181007
Longit_batch5_PQC 39,BQC,5,0.012587854,0.039314579372968325,0.003356627
Longit_batch5_11,SPL,5,0.010310706079360679,0.033798779,0.002820429
Longit_batch5_12,SPL,5,0.007639823,0.066078598,0.002010789
Longit_batch5_13,SPL,5,0.008990525,0.048130828401006645,0.006559675
Longit_batch5_14,SPL,5,0.015622547503160115,0.051908931410150946,0.003304855
Longit_batch5_15,SPL,5,0.010228772356816618,0.054121221,0.001749463
Longit_batch5_TQC36,TQC,5,0.010941992738061044,0.047079961,0.002298927
Longit_batch5_16,SPL,5,0.008255817,0.049609758,0.001559249
Longit_batch5_17,SPL,5,0.013990371137359913,0.03694496,0.002908814
Longit_batch5_18,SPL,5,0.008030168,0.060427384263871974,0.001640281
Longit_batch5_19,SPL,5,0.013812212600454492,0.060995376,0.003511952
Longit_batch5_20,SPL,5,0.013406165,0.05100741,0.00458345
Longit_batch5_PQC 40,BQC,5,0.013296456144131394,0.051641391,0.002718065
Longit_batch5_21,SPL,5,0.014083378503523957,0.071509434,0.005109735
Longit_batch5_22,SPL,5,0.008557808,0.04291607,0.004883043
Longit_batch5_23,SPL,5,0.006838007,0.044500269,0.003188757
Longit_batch5_24,SPL,5,0.009397604,0.042752075,0.003742046
Longit_batch5_25,SPL,5,0.006306456,0.037539544,0.005061155
Longit_batch5_TQC37,TQC,5,0.009534855,0.043244613,0.003027447
Longit_batch5_26,SPL,5,0.013517358273907636,0.057144406,0.00250283
Longit_batch5_27,SPL,5,0.006683766,0.030399574807059924,0.003137479
Longit_batch5_28,SPL,5,0.00923724,0.047162781,0.001638327
Longit_batch5_29,SPL,5,0.016027612936224345,0.052309768,0.003408508
Longit_batch5_30,SPL,5,0.011367715227872653,0.063862326,0.003837822
Longit_batch5_PQC 41,BQC,5,0.013435627410047144,0.045419909,0.002966638
Longit_batch5_31,SPL,5,0.012890129,0.069076428,0.002997161
Longit_batch5_32,SPL,5,0.010940063,0.040588102,0.003751908
Longit_batch5_33,SPL,5,0.014034106721488419,0.065197658,0.005298908
Longit_batch5_34,SPL,5,0.009229012,0.032155112428070655,0.00280113
Longit_batch5_35,SPL,5,0.012852442930647148,0.034339572,0.00316276
Longit_batch5_TQC38,TQC,5,0.007037014,0.047208921,0.00267621
Longit_batch5_36,SPL,5,0.007140857,0.053342605,0.002472497
Longit_batch5_37,SPL,5,0.012873024,0.047400854,0.003304702
Longit_batch5_38,SPL,5,0.009365932,0.035814881,0.001859509
Longit_batch5_39,SPL,5,0.009295685,0.048697227,0.002583146
Longit_batch5_40,SPL,5,0.008438618,0.043489843,0.001924128
Longit_batch5_PQC 42,BQC,5,0.00867887,0.045119527,0.003312159
Longit_batch5_41,SPL,5,0.011728864055282959,0.040601389211395014,0.002263607
Longit_batch5_42,SPL,5,0.012047663667436193,0.072297116,0.005277139
Longit_batch5_43,SPL,5,0.008572699,0.065402424,0.00188101
Longit_batch5_44,SPL,5,0.013350312,0.032222619909012554,0.002767466
Longit_batch5_45,TQC,5,0.011928181,0.048179169,0.003032247
Longit_batch5_TQC39,TQC,5,0.009666224,0.051986369,0.002637445
Longit_batch5_46,SPL,5,0.008022795,0.044694921,0.001625075
Longit_batch5_47,SPL,5,0.007984034,0.045819469021118164,0.001855268
Longit_batch5_48,SPL,5,0.008585026,0.038714531479351125,0.003794761
Longit_batch5_49,SPL,5,0.013976049300194915,0.051978845,0.002665168
Longit_batch5_50,SPL,5,0.010264357362755116,0.043732611,0.001596338
Longit_batch5_PQC 43,BQC,5,0.012424305440484947,0.038453329283449106,0.002489239
Longit_batch5_51,SPL,5,0.00790422,0.060594055352048135,0.0018651
Longit_batch5_52,SPL,5,0.012631247651819675,0.048427466427665725,0.004375701
Longit_batch5_53,SPL,5,0.006694639,0.040104784237485536,0.003448278
Longit_batch5_54,SPL,5,0.009180859,0.040819052932834325,0.004255775
Longit_batch5_55,TQC,5,0.012976716512069914,0.028733537440678646,0.00212066
Longit_batch5_TQC40,TQC,5,0.009183057,0.043636598147315894,0.002564369
Longit_batch5_56,SPL,5,0.007640457,0.039031801,0.004326408
Longit_batch5_57,SPL,5,0.011392163,0.040391473118838755,0.005833212
Longit_batch5_58,SPL,5,0.013241443502538757,0.040263224,0.00213713
Longit_batch5_59,SPL,5,0.007555845,0.055206852,0.004668194
Longit_batch5_60,SPL,5,0.013086343,0.039745739969514485,0.002726569
Longit_batch5_PQC 44,BQC,5,0.011980191024070344,0.04449773,0.002952403
Longit_batch5_61,SPL,5,0.007030359,0.038783271372323076,0.002798623
Longit_batch5_62,SPL,5,0.008948138,0.05164315,0.0018633
Longit_batch5_63,SPL,5,0.014510353015641849,0.051851313,0.002962678
Longit_batch5_64,SPL,5,0.016123071720349706,0.089439428,0.00549946
Longit_batch5_65,SPL,5,0.01177281,0.042144674,0.003272802
Longit_batch5_PQC 45,BQC,5,0.011155702,0.046276813,0.003009562
Longit_batch5_PQC 45b,BQC,5,0.009745809,0.049298540803769546,0.003443175
Longit_BLANK-06 (Eluent A),SBLK,6,0.093618975,0.073028399,0.001470845
Longit_batch6_PQC 46,BQC,6,0.013744818942312702,0.057830084568747095,0.004132962
Longit_batch6_PQC 47,BQC,6,0.014529452,0.043425243,0.003699897
Longit_batch6_1,SPL,6,0.009686004,0.038487233768688206,0.003654418
Longit_batch6_2,SPL,6,0.007693341,0.047481349408610485,0.003033612
Longit_batch6_3,SPL,6,0.013912976992003187,0.043798777,0.002457655
Longit_batch6_4,SPL,6,0.010202288336262303,0.049720196436319336,0.005130221
Longit_batch6_5,SPL,6,0.007596463,0.036372839,0.004322406
Longit_batch6_6,SPL,6,0.013235932,0.0361634,0.003304382
Longit_batch6_7,SPL,6,0.007146266,0.048009038208089494,0.003203249
Longit_batch6_8,SPL,6,0.011224449125993992,0.051253269,0.003144382
Longit_batch6_9,SPL,6,0.013146543714921544,0.056338903442541166,0.003015998
Longit_batch6_10,SPL,6,0.011401389,0.080988677,0.004934101
Longit_batch6_PQC 48,BQC,6,0.011875494106181175,0.051472367300366625,0.003590776
Longit_batch6_11,SPL,6,0.009738216,0.038492645,0.002875579
Longit_batch6_12,SPL,6,0.011497762387529921,0.033397294,0.003312993
Longit_batch6_13,SPL,6,0.012514622272840623,0.041203631847092456,0.002890019
Longit_batch6_14,SPL,6,0.010846188624896691,0.054467967914342344,0.004436923
Longit_batch6_15,SPL,6,0.014391364492815792,0.024195054658393354,0.003638081
Longit_batch6_TQC44,TQC,6,0.009306748,0.041775766,0.002799591
Longit_batch6_16,SPL,6,0.009349875,0.052084321,0.00395284
Longit_batch6_17,SPL,6,0.010556923924658143,0.04682352,0.004641487
Longit_batch6_18,SPL,6,0.011422897898362368,0.038753735,0.002410097
Longit_batch6_19,SPL,6,0.009801775,0.040129753,0.002718367
Longit_batch6_20,SPL,6,0.008371677,0.043626533,0.003559798
Longit_batch6_PQC 49,BQC,6,0.0142049,0.065609279,0.004162911
Longit_batch6_21,SPL,6,0.014060998816992964,0.035560544,0.002002715
Longit_batch6_22,SPL,6,0.012123048344606372,0.046230044,0.004008611
Longit_batch6_23,SPL,6,0.010200001,0.0366171,0.002819006
Longit_batch6_24,SPL,6,0.010426276161459752,0.044014922,0.003695998
Longit_batch6_25,SPL,6,0.013411231783262608,0.035355378,0.001724505
Longit_batch6_TQC45,TQC,6,0.009583435,0.042865301069318754,0.002560397
Longit_batch6_26,SPL,6,0.007812763,0.057758792,0.003574036
Longit_batch6_27,SPL,6,0.009544446,0.038939342,0.002639185
Longit_batch6_28,SPL,6,0.007615629,0.033239841178133785,0.003463055
Longit_batch6_29,SPL,6,0.012637684102671584,0.058739771,0.004884511
Longit_batch6_30,SPL,6,0.012731248604725931,0.043994702,0.002725534
Longit_batch6_PQC 50,BQC,6,0.015137482423043821,0.049154735,0.004223733
Longit_batch6_31,SPL,6,0.011983186050919171,0.021928690470003363,0.003232216
Longit_batch6_32,SPL,6,0.00853232,0.033215739733520294,0.002609213
Longit_batch6_33,SPL,6,0.013965467,0.053114803999600155,0.003544138
Longit_batch6_34,SPL,6,0.009696529,0.042166745,0.002599666
Longit_batch6_35,SPL,6,0.007145672,0.048139873,0.003036058
Longit_batch6_TQC46,TQC,6,0.010161738,0.045055908595327175,0.002956339
Longit_batch6_36,SPL,6,0.011475510379795998,0.041319509,0.00201109
Longit_batch6_37,SPL,6,0.011235133626208062,0.041997151848697775,0.00292507
Longit_batch6_38,SPL,6,0.009374369,0.042522277,0.003145196
Longit_batch6_39,SPL,6,0.012000629794612519,0.052872485,0.003601979
Longit_batch6_40,SPL,6,0.012784029339284847,0.043553475992847396,0.003415628
Longit_batch6_PQC 51,BQC,6,0.011168588339273294,0.051421377,0.004372555
Longit_batch6_41,SPL,6,0.005855564,0.031429638,0.003363044
Longit_batch6_42,SPL,6,0.008434261,0.039977238,0.003914417
Longit_batch6_43,SPL,6,0.011130329753523082,0.03621188,0.004150916
Longit_batch6_44,SPL,6,0.017197265,0.031376706,0.00394311
Longit_batch6_45,SPL,6,0.010070779580887989,0.039488009691576884,0.003953487
Longit_batch6_TQC47,TQC,6,0.010490449484002736,0.049276691,0.003316974
Longit_batch6_46,TQC,6,0.014013901625583598,0.051765685,0.005394049
Longit_batch6_47,SPL,6,0.011781284224375865,0.046124738,0.002654536
Longit_batch6_48,SPL,6,0.012189523,0.056481276072609124,0.002503371
Longit_batch6_49,SPL,6,0.014698009718317992,0.032746394,0.003737212
Longit_batch6_50,SPL,6,0.013071831911242901,0.039882556,0.002697534
Longit_batch6_PQC 52,BQC,6,0.012237363043870884,0.038041355724245676,0.003350391
Longit_batch6_52,SPL,6,0.013569278300659005,0.047094231610768714,0.002138814
Longit_batch6_53,SPL,6,0.012748027584560045,0.040507484,0.00187811
Longit_batch6_TQC48,TQC,6,0.010070881285980899,0.052852386,0.002791219
Longit_batch6_PQC 53,TQC,6,0.012608458585332641,0.048727459,0.004141693
Longit_batch6_PQC 53b,BQC,6,0.012897699931630924,0.057763586,0.004000151
Longit_batch6_B-ISTD 09,PBLK,6,1.284163018810131e-4,9.439909052755753e-5,9.680365208607343e-7
Longit_batch6_Un-ISTD 01,PBLK,6,9.275373876075035e-5,5.851466174862033e-5,6.53730353943286e-8
Longit_batch6_TQC-100%,RQC,6,0.010129046335870133,0.047978115,0.002486759
Longit_batch6_TQC-80%,RQC,6,0.010451461502103711,0.046312357514353836,0.001855696
Longit_batch6_TQC-60%,RQC,6,0.009856491,0.037646816135867726,0.002239099
Longit_batch6_TQC-40%,RQC,6,0.010727715,0.027333647,0.001804161
Longit_batch6_TQC-20%,RQC,6,0.011939451415113073,0.048560942,0.002404085
Longit_batch6_TQC-10%,RQC,6,0.010671723128329567,0.034268289623068035,0.001881206
Longit_batch6_LTR 01,LTR,6,14.003771676918882,0.050393014,0.001979367
Longit_BLANK-07 (Eluent A),SBLK,6,0.1452698610009402,0.14891641069377598,0.004883389